creative,week_start,rows,spend,d6_rev,d6_roas,d15_rev,d15_roas,d30_rev,d30_roas,d60_rev,d60_roas,d180_rev,d180_roas
FB_MOF_Baby-AI_V0_211125,2025-11-17,3,40223.19,3873.0,9.63,5772.0,14.35,5772.0,14.35,7571.0,18.82,10569.0,26.28
FB_MOF_Baby-AI_V0_211125,2025-11-24,17,155547.81,16268.0,10.46,22516.0,14.48,28589.0,18.38,32161.0,20.68,35258.0,22.67
FB_MOF_Baby-AI_V0_211125,2025-12-01,11,137682.97,10468.0,7.6,12467.0,9.05,15966.0,11.6,19465.0,14.14,40634.0,29.51
FB_MOF_Baby-AI_V0_211125,2025-12-08,8,144910.89,19564.0,13.5,24061.0,16.6,29558.0,20.4,48251.0,33.3,59043.0,40.74
FB_MOF_Baby-AI_V0_211125,2025-12-15,1,9343.32,0.0,0.0,0.0,0.0,0.0,0.0,0.0,0.0,0.0,0.0
FB_MOF_Black-Friday-AI_V1_201125,2025-11-17,2,28489.18,9347.0,32.81,20919.0,73.43,20919.0,73.43,20919.0,73.43,24218.0,85.01
FB_MOF_Black-Friday-AI_V1_201125,2025-11-24,7,222077.19,67917.09,30.58,87486.09,39.39,112483.09,50.65,146224.09,65.84,215902.84,97.22
FB_MOF_Black-Friday-AI_V1_201125,2025-12-01,1,1760.31,0.0,0.0,0.0,0.0,0.0,0.0,0.0,0.0,0.0,0.0
FB_MOF_Black-Friday-Fire_0_201125,2025-11-17,10,617056.86,175755.0,28.48,227674.0,36.9,243571.0,39.47,263767.0,42.75,340349.0,55.16
FB_MOF_Black-Friday-Fire_0_201125,2025-11-24,21,811027.89,156995.17,19.36,163592.17,20.17,188895.04,23.29,245890.04,30.32,286054.04,35.27
FB_MOF_Election-Day_V1_261125,2025-11-24,2,34102.52,8949.0,26.24,8949.0,26.24,8949.0,26.24,8949.0,26.24,38949.0,114.21
FB_MOF_Selfie-Girl-BlackF_0_261125,2025-11-24,5,76656.22,3398.0,4.43,5397.0,7.04,9895.0,12.91,9895.0,12.91,31990.0,41.73
FB_MOF_Selfie-Girl-BlackF_0_261125,2025-12-01,1,587.38,0.0,0.0,0.0,0.0,0.0,0.0,0.0,0.0,0.0,0.0
FB_MOF_Static_Performance-20th-Nov_V0_261125,2025-11-24,2,33072.2,8497.0,25.69,8497.0,25.69,18495.0,55.92,18495.0,55.92,24493.0,74.06
FB_MOF_Static_Performance-20th-Nov_V0_261125,2025-12-01,4,21555.0,2999.0,13.91,2999.0,13.91,2999.0,13.91,2999.0,13.91,8997.0,41.74
FB_MOF_Video_AS-Anchor_V0_161125,2025-11-24,5,115753.52,9247.0,7.99,11146.0,9.63,11146.0,9.63,13720.0,11.85,15719.0,13.58
FB_MOF_Video_AS-Sebi_V0_171125,2025-11-17,3,100062.09,21889.0,21.88,32624.02,32.6,32624.02,32.6,32624.02,32.6,57390.02,57.35
FB_MOF_Video_AS-Sebi_V0_171125,2025-11-24,7,383115.78,54735.21,14.29,58133.21,15.17,58133.21,15.17,62107.21,16.21,93166.21,24.32
FB_MOF_Video_AS-Sebi_V0_171125,2025-12-01,3,187137.63,8644.0,4.62,10643.0,5.69,13442.0,7.18,15740.0,8.41,23036.0,12.31
FB_MOF_Video_AS-Sebi_V0_171125,2025-12-08,3,155442.76,8994.0,5.79,14391.0,9.26,20188.0,12.99,20188.0,12.99,29143.67,18.75
FB_MOF_Video_Buddhu-Ladki-Test_V0_131125,2025-11-17,3,173274.52,16716.0,9.65,31510.0,18.19,31510.0,18.19,31510.0,18.19,42003.0,24.24
FB_MOF_Video_Buddhu-Ladki-Test_V0_131125,2025-11-24,7,440525.87,55783.84,12.66,70797.46,16.07,88341.46,20.05,100287.46,22.77,175923.25,39.93
FB_MOF_Video_Buddhu-Ladki-Test_V0_131125,2025-12-01,7,573122.4,40102.0,7.0,52899.12,9.23,59895.12,10.45,66894.12,11.67,74190.12,12.94
FB_MOF_Video_Buddhu-Ladki-Test_V0_131125,2025-12-08,7,408027.96,93000.17,22.79,103996.17,25.49,114143.52,27.97,121936.05,29.88,126433.05,30.99
FB_MOF_Video_Buddhu-Ladki-Test_V0_131125,2025-12-15,1,37757.7,0.0,0.0,0.0,0.0,0.0,0.0,0.0,0.0,0.0,0.0
FB_MOF_Video_Monkey-AI_V1_181125,2025-11-17,5,144736.17,30914.0,21.36,38809.0,26.81,41982.0,29.01,52031.29,35.95,76821.29,53.08
FB_MOF_Video_Monkey-AI_V1_181125,2025-11-24,40,518039.35,86942.0,16.78,106884.0,20.63,126681.0,24.45,130078.0,25.11,164797.28,31.81
FB_MOF_Video_Monkey-AI_V1_181125,2025-12-01,37,493611.52,59524.0,12.06,71318.0,14.45,80309.75,16.27,84906.75,17.2,108716.75,22.02
FB_MOF_Video_Monkey-AI_V1_181125,2025-12-08,15,283270.21,35079.0,12.38,40176.0,14.18,42974.0,15.17,42974.0,15.17,65833.88,23.24
FB_MOF_Video_Monkey-AI_V1_181125,2025-12-15,5,71389.93,14792.0,20.72,16291.0,22.82,16291.0,22.82,18790.0,26.32,27288.0,38.22
FB_MOF_Video_Monkey-AI_V2_181125,2025-11-17,5,139686.94,28073.33,20.1,36185.33,25.9,37959.33,27.17,44731.33,32.02,52226.33,37.39
FB_MOF_Video_Monkey-AI_V2_181125,2025-11-24,43,736183.07,85588.0,11.63,93983.0,12.77,125148.0,17.0,155089.0,21.07,211814.0,28.77
FB_MOF_Video_Monkey-AI_V2_181125,2025-12-01,35,605283.78,55843.0,9.23,129180.87,21.34,136351.87,22.53,163318.87,26.98,238486.37,39.4
FB_MOF_Video_Monkey-AI_V2_181125,2025-12-08,14,263861.32,16840.0,6.38,23086.0,8.75,40456.0,15.33,42930.0,16.27,48576.0,18.41
FB_MOF_Video_Monkey-AI_V2_181125,2025-12-15,2,53379.68,4997.0,9.36,4997.0,9.36,4997.0,9.36,6496.0,12.17,8495.0,15.91
