"Start date","Google End date","Campaign name UAC-Univest-Pro-Activated-PRO-010823","Sum of spends","Sum of signups","Sum of p0","Sum of p1","Sum of d0_trial","Sum of d0","Sum of d0_d6","Sum of new_user_count_by_trial","Sum of d0_revenue","Sum of d6_revenue","Sum of overall_revenue","Sum of d6_mandate_amount","Sum of total_trial","SU Cost","P0+P1","P0+P1%","Prio Cost","C/D0 Trial","Trial %","d0 CAC","d0%","D0 ROAS","d6 CAC","d6%","D6 CAC","D6 ROAS","D6 mandate ROAS","D6 non mandate roas","Real%","overall roas","D6 Mandate Revenue/ D0 Trial","Revenue/Trial","","Google camapign list","Meta campaign list","Meta adset list","Google Adgroups list","","Spends","Signups","P0P1","D0","D6","D0 Trials","D6 Rev","Overall Rev"
"31/12/2025","06/01/2026","Week 13","?2,673,665","7189","220","645","1065","17","188","435","85384","?556,265","1377644","358958","1603","?372","865","12%","3,091","?2,510","14.81%","?157,274","0.2%","3.2%","14,222","2.6%","14,222","20.8%","13.4%","7.4%","27.1%","51.5%","522","859","","","","","","","","","","","","","",""
"07/01/2026","13/01/2026","Week 12","?2,061,040","6848","138","457","976","10","184","406","32615","?554,928","1171625","415540","1481","?301","595","9%","3,464","?2,112","14.25%","?206,104","0.1%","1.6%","11,201","2.7%","11,201","26.9%","20.2%","6.8%","27.4%","56.8%","569","791","","","","","","","","","","","","","",""
"14/01/2026","20/01/2026","Week 11","?1,494,204","5743","85","332","1027","20","135","334","60330","?391,445","998183","268294","1435","?260","417","7%","3,583","?1,455","17.88%","?74,710","0.3%","4.0%","11,068","2.4%","11,068","26.2%","18.0%","8.2%","23.3%","66.8%","381","696","","","","","","","","","","","","","",""
"21/01/2026","27/01/2026","Week 10","?772,435","3349","53","196","598","6","53","165","27319","?190,445","513634","106558","835","?231","249","7%","3,102","?1,292","17.86%","?128,739","0.2%","3.5%","14,574","1.6%","14,574","24.7%","13.8%","10.9%","19.8%","66.5%","318","615","","","","","","","","","","","","","",""
"28/01/2026","03/02/2026","Week 9","?606,070","2223","59","208","366","12","59","91","47164","?192,213","331485","100559","495","?273","267","12%","2,270","?1,656","16.46%","?50,506","0.5%","7.8%","10,272","2.7%","10,272","31.7%","16.6%","15.1%","18.4%","54.7%","525","670","","","","","","","","","","","","","",""
"04/02/2026","10/02/2026","Week 8","?981,426","4610","104","340","823","23","129","238","89802","?549,514","979251","228813","1138","?213","444","10%","2,210","?1,192","17.85%","?42,671","0.5%","9.2%","7,608","2.8%","7,608","56.0%","23.3%","32.7%","20.9%","99.8%","668","861","","","","","","","","","","","","","",""
"11/02/2026","17/02/2026","Week 7","?1,458,450","4798","104","405","794","18","119","217","54732","?328,529","702087","239407","1077","?304","509","11%","2,865","?1,837","16.55%","?81,025","0.4%","3.8%","12,256","2.5%","12,256","22.5%","16.4%","6.1%","20.1%","48.1%","414","652","","","","","","","","","","","","","",""
"18/02/2026","24/02/2026","Week 6","?1,157,377","3136","141","378","534","22","98","157","54578","?369,398","621435","149241","725","?369","519","17%","2,230","?2,167","17.03%","?52,608","0.7%","4.7%","11,810","3.1%","11,810","31.9%","12.9%","19.0%","21.7%","53.7%","692","857","","","","","","","","","","","","","",""
"25/02/2026","03/03/2026","Week 5","?1,087,576","1953","63","176","229","9","49","75","34417","?147,416","242904","94964","322","?557","239","12%","4,551","?4,749","11.73%","?120,842","0.5%","3.2%","22,195","2.5%","22,195","13.6%","8.7%","4.8%","23.3%","22.3%","644","754","","","","","","","?7,748,400","63570","4686","47","581","2555","?1,897,096","2788633"
"04/03/2026","10/03/2026","Week 4","?1,848,119","19222","179","1020","632","14","172","257","39637","?649,366","955225","382255","934","?96","1,199","6%","1,541","?2,924","3.29%","?132,009","0.1%","2.1%","10,745","0.9%","10,745","35.1%","20.7%","14.5%","27.5%","51.7%","1,027","1,023","","Campaign Name","Campaign Name","Ad Set Name","Ad Group Name","","","","","","","","",""
"11/03/2026","17/03/2026","Week 3","?2,772,937","24475","324","1567","973","17","211","322","47083","?679,556","1087411","493616","1368","?113","1,891","8%","1,466","?2,850","3.98%","?163,114","0.1%","1.7%","13,142","0.9%","13,142","24.5%","17.8%","6.7%","23.5%","39.2%","698","795","","UAC-Univest-Pro-Activated-PRO-010823","Test4-Campaign_FB_MOF_Manual-App_Android_Pro-Sub_Pan-India_200326","FB_MOF_Detail-Target_Android_Divyansh-Inf-Test-2_V0_Pro-Sub_240326","UAC-Univest-Pro-Activated-2-010823","","","","","","","","",""
"18/03/2026","24/03/2026","Week 2","?3,127,343","19873","271","1325","950","16","198","240","42011","?568,174","745997","455128","1262","?157","1,596","8%","1,959","?3,292","4.78%","?195,459","0.1%","1.3%","15,795","1.0%","15,795","18.2%","14.6%","3.6%","19.0%","23.9%","598","591","","GA_UAC_Android_Catalyst-Quality-SU_Pan-India_040825","Static-Test_FB_MOF_Manual-App_Android_Pro-Sub_Pan-India_270326","FB_MOF_Detail-Target_Android_Divyansh-Inf-Test-3_V0_Pro-Sub_240326","UAC-Univest-Pro-Activated-1-010823","","","","","","","","",""
"25/03/2026","31/03/2026","Week 1","?2,398,204","5332","104","400","614","12","58","43","51613","?269,125","271924","77469","698","?450","504","9%","4,758","?3,906","11.52%","?199,850","0.2%","2.2%","41,348","1.1%","41,348","11.2%","3.2%","8.0%","6.2%","11.3%","438","390","","GA_UAC-TCPA_Android_All-Pro-Sub_Pan-India_121125_Theme-Text-Only","Test-Campaign_FB_MOF_Manual-App_Android_Pro-Sub_Pan-India_131125","FB_MOF_Detail-Target_Android_Nischay-Static-Cluster_V1_Pro-Sub_240326","GA_Aud-Signal_Android_Options_Catalyst-Quality-SU_040825","","","","","","","","",""
"","01/04/2026","Today","?458,897","1049","15","57","142","1","1","0","14999","?14,999","14999","0","142","?437","72","7%","6,374","?3,232","13.54%","?458,897","0.1%","3.3%","458,897","0.1%","458,897","3.3%","0.0%","3.3%","0.0%","3.3%","106","106","","GA_UAC-TROAS_Android_Catalyst-Quality-SU&Pro_Pan-India_141125","FB_MOF_AAA_Android_Pro-Sub_Pan-India_111225_100-Best-Ads","FB_MOF_Detail-Target_Android_Failed-Static-Cluster_Pro-Sub_250326","GA_Aud-Signal_Android_Generic_Catalyst-Quality-SU_040825","","","","","","","","",""
"","","","","","","","","","","","","","","","","","","","","","","","","","","","","","","","","","","","","GA_UAC-TROAS_Android_Pro-Sub_Pan-India_020925","FB_MOF_Manual-App_Android_Pro-Sub_Best-Region_130326_FnO-Theme","FB_MOF_Detail-Target_Android_Failed-Video-Cluster_Pro-Sub_250326","GA_Aud-Signal_Android_Sector-Text-Only_All-Pro-Sub_121125","","","","","","","","",""
"","","Ad group name","","","","","","","","","","","","","","","","","","","","","","","","","","","","","","","","","","GA_UAC_Android_KYC-Catalyst-Quality-SU_Pan-India_101225","FB_MOF_Manual-App_Android_Pro-Sub_Pan-India_260326_Static-Only","FB_MOF_Detail-Target_Android_Pranit-Negative_Pro-Sub_250326","GA_Aud-Signal_Android_Short-Term-Text-Only_All-Pro-Sub_121125","","","","","","","","",""
"","","","","","","","","","","","","","","","","","","","","","","","","","","","","","","","","","","","","GA_UAC-TCPA_Android_Start-Trial_Best-Region_230226","FB_MOF_AAA_Android_Start-Trial_Best-Region_170226","FB_MOF_Detail-Target_Android_Vinayak-Inf-Test-1_V0_Pro-Sub_260326","GA_Aud-Signal_Android_Generic_Catalyst-Quality-SU&Pro_141125","","","","","","","","",""
"","","UAC-Univest-Pro-Activated-1-010823","","","","","","","","","","","","","","","","","","","","","","","","","","","","","","","","","","GA_UAC-TCPA_Android_Pro-Sub_Mix-Region_200326_Perf","FB_MOF_Manual-App_Android_Pro-Sub_Pan-India_250326_Bid-Cap-2","FB_MOF_Detail-Target_Android_Vinayak-Inf-Test-2_V0_Pro-Sub_270326","GA_Aud-Signal_Android_Options_Catalyst-Quality-SU&Pro_141125","","","","","","","","",""
"18/02/2026","24/02/2026","Week 6","?608,906","1967","70","222","368","11","54","91","25639","?191,693","342093","83367","474","?310","292","15%","2,085","?1,655","18.71%","?55,355","0.6%","4.2%","11,276","2.7%","11,276","31.5%","13.7%","17.8%","19.2%","56.2%","","","19.9%","GA_UAC-TCPA_Android_Pro-Sub_Best-Region_050226_One-Plus-Subs","FB_MOF_AAA_Android_Pro-Sub_Mix-Region_200326_Perf","FB_MOF_Detail-Target_Android_Pranit-Crash-Test-1_V0_Pro-Sub_260326","GA_Aud-Signal_Android_Options_Pro-Sub_020925","","","","","","","","",""
"25/02/2026","03/03/2026","Week 5","?437,026","821","23","72","119","6","26","38","11969","?73,021","122528","53980","164","?532","95","12%","4,600","?3,672","14.49%","?72,838","0.7%","2.7%","16,809","3.2%","16,809","16.7%","12.4%","4.4%","23.2%","28.0%","","","21.2%","GA_UAC-TCPA_Android_Pro-Sub_Best-Region_130326_FnO-Theme","FB_MOF_Manual-App_Android_Any-Pro-Sub_Pan-India_250326_Subscribe-Event","FB_MOF_Detail-Target_Android_Pranit-Crash-Test-2_V0_Pro-Sub_260326","GA_Aud-Signal_Android_Generic_Pro-Sub_020925","","","","","","","","",""
"04/03/2026","10/03/2026","Week 4","?367,547","2725","24","122","121","7","38","49","22318","?260,605","309135","65475","183","?135","146","5%","2,517","?3,038","4.44%","?52,507","0.3%","6.1%","9,672","1.4%","9,672","70.9%","17.8%","53.1%","26.8%","84.1%","","","21.0%","GA_Search_Web_Pro-Sub_Best-Region_020326_Stock-Research","FB_MOF_AAA_Android_Pro-Sub_Mix-Region_190326_Mayank-Sets","FB_MOF_Detail-Target_Android_Pranit-Crash-Test-3_V0_Pro-Sub_260326","GA_Aud-Signal_Android_Generic_Catalyst-Quality-SU_101225","","","","","","","","",""
"11/03/2026","17/03/2026","Week 3","?607,227","1751","75","190","194","10","45","47","29115","?137,755","194242","71972","257","?347","265","15%","2,291","?3,130","11.08%","?60,723","0.6%","4.8%","13,494","2.6%","13,494","22.7%","11.9%","10.8%","18.3%","32.0%","","","21.1%","GA_UAC-TCPA_Android_Any-Pro-Sub_Best-Region_230226","FB_MOF_Manual-App_Android_Pro-Sub_Best-Region_180326_Bid-Cap","FB_MOF_Detail-Target_Android_Vinayak-Inf-Test-3_V0_Pro-Sub_270326","GA_Aud-Signal_Android_Generic_Start-Trial_230226","","","","","","","","",""
"18/03/2026","24/03/2026","Week 2","?933,582","2443","79","217","306","7","60","65","18694","?187,512","231235","112354","394","?382","296","12%","3,154","?3,051","12.53%","?133,369","0.3%","2.0%","15,560","2.5%","15,560","20.1%","12.0%","8.1%","16.5%","24.8%","","","17.6%","GA_UAC-TROAS_Android_Any-Pro-Sub_Best-Region_190326_True-ROAS","200-Ad-Test_FB_MOF_Manual-App_Android_Pro-Sub_Pan-India_191125","FB_MOF_Detail-Target_Android_Black-Tamanna-Inf-Test-1_V0_Pro-Sub_270326","GA_Aud-Signal_Android_Options_Start-Trial_230226","","","","","","","","",""
"25/03/2026","31/03/2026","Week 1","?917,093","2167","55","174","352","7","25","17","40743","?183,034","185833","19392","391","?423","229","11%","4,005","?2,605","16.24%","?131,013","0.3%","4.4%","36,684","1.2%","36,684","20.0%","2.1%","17.8%","4.3%","20.3%","","","7.3%","","Test2-Campaign_FB_MOF_Manual-App_Android_Pro-Sub_Pan-India_051225","FB_MOF_Detail-Target_Android_Black-Tamanna-Inf-Test-2_V0_Pro-Sub_270326","GA_Aud-Signal_Android_Free-Ads_Pro-Sub_200326","","","","","","","","",""
"","01/04/2026","Today","?220,197","571","8","33","84","1","1","0","14999","?14,999","14999","0","84","?386","41","7%","5,371","?2,621","14.71%","?220,197","0.2%","6.8%","220,197","0.2%","220,197","6.8%","0.0%","6.8%","0.0%","6.8%","","","4.0%","","Test3-Campaign_FB_MOF_Manual-App_Android_Pro-Sub_Best-Region_200226","FB_MOF_Detail-Target_Android_B&W-Nupur-Inf-Test-1_V0_Pro-Sub_270326","GA_Aud-Signal_Android_One-Plus-Subs-27K_Pro-Sub_030226","","","","","","","","",""
"","","","?4,091,577","12445","334","1030","1544","49","249","307","163477","?1,048,619","1400065","406540","1947","?329","1,364","11%","3,000","?2,650","12.41%","?83,502","0.4%","4.0%","16,432","2.0%","16,432","25.6%","9.9%","15.7%","15.8%","34.2%","","","","","FB_MOF_Manual-App_Android_Pro-Sub_Best-Region_010326_Best-Ads","FB_MOF_Detail-Target_Android_Telegram-Prish-Inf-Test-1_V0_Pro-Sub_270326","GA_Aud-Signal_Android_Options-Theme_Pro-Sub_130326","","","","","","","","",""
"","","","","","","","","","","","","","","","","","","","","","","","","","","","","","","","","","","","","","FB_MOF_Manual-App_Android_Pro-Sub_Best-Region_060326_FB-Only","FB_MOF_Detail-Target_Android_Himanshu-Inf-Test_V0_Pro-Sub_300326","GA_Aud-Signal_Android_Perf-Ads_Pro-Sub_200326","","","","","","","","",""
"","","Campaign name","","","","","","","","","","","","","","","","","","","","","","","","","","","","","","","","","","","200-Ad-2_FB_MOF_AAA_Android_Pro-Sub_Pan-India_230226","FB_MOF_Detail-Target_Android_Kanika-Inf-Test_V0_Pro-Sub_300326","GA_Open_Web_Stock-Picks-Buy-Recom_Pro-Sub_020326","","","","","","","","",""
"","","FB_MOF_Manual-App_Android_Pro-Sub_Best-Region_180326_Bid-Cap","","","","","","","","","","","","","","","","","","","","","","","","","","","","","","","","","","","FB_MOF_Manual-App_Android_Pro-Sub_Pan-India_041125_LAL","FB_MOF_Detail-Target_Android_Fincard-Revised-Test_V0_Pro-Sub_310326","GA_Aud-Signal_Android_Options_Any-Pro-Sub_230226","","","","","","","","",""
"","","Week number","","","","","","","","","","","","","","","","","","","","","","","","","","","","","","","","","","","Revamped-Videos_FB_MOF_AAA_Android_Pro-Sub_Best-Region_130226","FB_MOF_Detail-Target_Android_Signal-Test_Pro-Sub_200326","GA_Aud-Signal_Android_Generic_Any-Pro-Sub_230226","","","","","","","","",""
"18/02/2026","24/02/2026","Week 6","?0","0","0","0","0","0","0","0","0","?0","0","0","0","","0","","","","","","","","","","","","","","","","","","","","FB_MOF_Manual-App_Android_Pro-Sub_Pan-India_170226_Stock-ideas_Exp","FB_MOF_Detail-Target_Android_Market-Dip-Print-Machine-Test_Pro-Sub_200326","GA_Aud-Signal_Android_Generic_Any-Pro-Sub_190326","","","","","","","","",""
"25/02/2026","03/03/2026","Week 5","?0","0","0","0","0","0","0","0","0","?0","0","0","0","","0","","","","","","","","","","","","","","","","","","","","FB_MOF_Manual-App_Android_Pro-Sub_Pan-India_170226_Stock-Picks_Exp","FB_MOF_Detail-Target_Android_Pranit-War-Test_V1_Pro-Sub_210326","GA_Aud-Signal_Android_Options_Any-Pro-Sub_190326","","?108,804","122","64","17","1","13","?28,787","34385"
"04/03/2026","10/03/2026","Week 4","?0","0","0","0","0","0","0","0","0","?0","0","0","0","","0","","","","","","","","","","","","","","","","","","","","200-Ad_FB_MOF_AAA_Android_Pro-Sub_Pan-India_030226","FB_MOF_Detail-Target_Android_Pranit-War-Test_V2_Pro-Sub_210326","","","","","","","","","",""
"11/03/2026","17/03/2026","Week 3","?0","0","0","0","0","0","0","0","0","?0","0","0","0","","0","","","","","","","","","","","","","","","","","","","","Thumb-Group-Campaign_FB_MOF_AAA_Android_Pro-Sub_Best-Region_090126","FB_MOF_Detail-Target_Android_Prishita-Inf-Test-1_V0_Pro-Sub_230326","","","","","","","","","",""
"18/03/2026","24/03/2026","Week 2","?108,804","122","27","37","17","1","13","13","1999","?28,787","34385","24789","30","?892","64","52%","1,700","?6,400","13.93%","?108,804","0.8%","1.8%","8,370","10.7%","8,370","26.5%","22.8%","3.7%","43.3%","31.6%","1,693","1,146","","","FB_BOF_Manual-App_Android-Retargeting_Pro-Sub_Pan-India_190825","FB_MOF_Detail-Target_Android_Prishita-Inf-Test-2_V0_Pro-Sub_230326","","","","","","","","","",""
"25/03/2026","31/03/2026","Week 1","?105,980","43","10","14","3","1","2","1","1899","?6,898","6898","0","5","?2,465","24","56%","4,416","?35,327","6.98%","?105,980","2.3%","1.8%","52,990","4.7%","52,990","6.5%","0.0%","6.5%","20.0%","6.5%","2,299","1,380","","","FB_MOF_Manual-App-TROAS_Android_Pro-Sub_Pan-India_060126_Age-Test","FB_MOF_Detail-Target_Android_Prishita-Inf-Test-3_V0_Pro-Sub_230326","","","","","","","","","",""
"","01/04/2026","Today","?136","1","0","0","0","0","0","0","0","?0","0","0","0","?136","0","0%","","","","","0.0%","0.0%","","0.0%","","0.0%","0.0%","0.0%","","0.0%","","","","","FB_MOF_Manual-App_Android_Pro-Sub_Pan-India_020126_A/B-region-wise","FB_MOF_Detail-Target_Android_Black-War-Inf-Test-1_V0_Pro-Sub_230326","","","","","","","","","",""
"","","","","","","","","","","","","","","","","","","","","","","","","","","","","","","","","","","","","","FB_MOF_Sales_Web-to-App_Start-Trial_Pan-India_191225","FB_MOF_Detail-Target_Android_Black-War-Inf-Test-2_V0_Pro-Sub_230326","","","","","","","","","",""
"","","Adset level","","","","","","","","","","","","","","","","","","","","","","","","","","","","","","","","","","","FB_MOF_Manual-App_Android_Pro-Sub_Pan-India_111225_100-Best-Ads","FB_MOF_Detail-Target_Android_Black-War-Inf-Test-3_V0_Pro-Sub_230326","","","","","","","","","",""
"","","FB_MOF_Detail-Target_Android_Anmol-Testimonial-Video-V3-Test_Pro-Sub_110326","","","","","","","","","","","","","","","","","","","","","","","","","","","","","","","","","","","FB_MOF_Manual-App_Android_Pro-Sub_Pan-India_241225_Partnership-Ads","FB_MOF_Detail-Target_Android_CEO-Istefa-Test_V0_Pro-Sub_230326","","","","","","","","","",""
"","","Week number","","","","","","","","","","","","","","","","","","","","","","","","","","","","","","","","","","","MOF-AAA-Android-India-NewuserSubscription-050525Campaign Campaign","FB_MOF_Detail-Target_Android_Divyansh-Inf-Test-1_V0_Pro-Sub_240326","","","","","","","","","",""
"18/02/2026","24/02/2026","Week 6","?0","0","0","0","0","0","0","0","0","?0","0","0","0","","0","","","","","","","","","","","","","","","","","","","","FB_MOF_AAA_Android_Pro-Sub_Pan-India_010825","FB_MOF_Open_Android_Static-Test-Only_Pro-Sub_270326_Adset1","","","","","","","","","",""
"25/02/2026","03/03/2026","Week 5","?0","0","0","0","0","0","0","0","0","?0","0","0","0","","0","","","","","","","","","","","","","","","","","","","","FB_MOF_Manual-App_Android_Pro-Sub_South-India_041025_Language","FB_MOF_Detail-Target_Android_Static-Cluster-Test_Pro-Sub_130226","","","","","","","","","",""
"04/03/2026","10/03/2026","Week 4","?0","0","0","0","0","0","0","0","0","?0","0","0","0","","0","","","","","","","","","","","","","","","","","","","","FB_MOF_Manual-App_Android_Pro-Sub_Pan-India_120825","FB_MOF_Detail-Target_Android_Helmet-Cluster-Test_Pro-Sub_050326","","","","","","","","","",""
"11/03/2026","17/03/2026","Week 3","?72,811","75","8","26","14","1","4","6","1974","?10,371","14244","8397","21","?971","34","45%","2,142","?5,201","18.67%","?72,811","1.3%","2.7%","18,203","5.3%","18,203","14.2%","11.5%","2.7%","28.6%","19.6%","","","","","FB_MOF_Manual-App_Android_Pro-Sub_Pan-India_030925_TROAS","FB_MOF_Detail-Target_Android_Uncle-Video-V2-Test_Pro-Sub_130226","","","","","","","","","",""
"18/03/2026","24/03/2026","Week 2","?51,639","49","9","16","7","0","2","3","0","?5,598","8397","5598","11","?1,054","25","51%","2,066","?7,377","14.29%","","0.0%","0.0%","25,819","4.1%","25,819","10.8%","10.8%","0.0%","27.3%","16.3%","","","","","FB_MOF_Sales_WhatsApp_Convo_Pan-India_250825","FB_MOF_Detail-Target_Android_IT-Sector-Crash-Test_Pro-Sub_130226","","","","","","","","","",""
"25/03/2026","31/03/2026","Week 1","?0","1","0","1","0","0","0","0","0","?0","0","0","0","?0","1","100%","0","","","","0.0%","","","0.0%","","","","","","","","","","","","FB_MOF_Detail-Target_Android_Agency-Ai-Test_V1_Pro-Sub_030326","","","","","","","","","",""
"","01/04/2026","Today","?0","0","0","0","0","0","0","0","0","?0","0","0","0","","0","","","","","","","","","","","","","","","","","","","","","FB_MOF_Detail-Target_Android_Kitna-Dooba-Test_V1_Pro-Sub_030326","","","","","","","","","",""
"","","Grand Total","?124,450","125","17","43","21","1","6","9","1974","?15,969","22641","13995","32","?996","60","48%","2,074","?5,926","16.80%","?124,450","0.8%","1.6%","20,742","4.8%","20,742","12.8%","11.2%","1.6%","28.1%","18.2%","","","","","","FB_MOF_Open_Android_Rollercoaster-Test_V0_Pro-Sub_070126","","","","","","","","","",""
"","","","","","","","","","","","","","","","","","","","","","","","","","","","","","","","","","","","","","","FB_MOF_Detail-Target_Android_Metro-In-Dinon-Cluster_Pro-Sub_080126","","","","","","","","","",""
"","","","","","","","","","","","","","","","","","","","","","","","","","","","","","","","","","","","","","","FB_MOF_Detail-Target_Android_Telegram-Video-V1-Test_Pro-Sub_110226","","","","","","","","","",""
"","","","","","","","","","","","","","","","","","","","","","","","","","","","","","","","","","","","","","","FB_MOF_Detail-Target_Android_Old-Phone-Statics-Test_Pro-Sub_110226","","","","","","","","","",""
"","","","","","","","","","","","","","","","","","","","","","","","","","","","","","","","","","","","","","","FB_MOF_AAA_Android_100-Best-Ads_Pro-Sub_111225_AdSet1","","","","","","","","","",""
"","","","","","","","","","","","","","","","","","","","","","","","","","","","","","","","","","","","","","","FB_MOF_Detail-Target_Android_Options-Theme_Pro-Sub_130326","","","","","","","","","",""
"","","","","","","","","","","","","","","","","","","","","","","","","","","","","","","","","","","","","","","FB_MOF_Open_Android_Static-Only_Pro-Sub_260326_Adset1","","","","","","","","","",""
"","","","","","","","","","","","","","","","","","","","","","","","","","","","","","","","","","","","","","","FB_MOF_AAA_Android_DT+-Best-Ads_Start-Trial_170226","","","","","","","","","",""
"","","","","","","","","","","","","","","","","","","","","","","","","","","","","","","","","","","","","","","FB_MOF_Open_Android_Bid-Cap_V2_Pro-Sub_250326","","","","","","","","","",""
"","","","","","","","","","","","","","","","","","","","","","","","","","","","","","","","","","","","","","","FB_MOF_AAA_Android_Free-Ads_Pro-Sub_200326","","","","","","","","","",""
"","","","","","","","","","","","","","","","","","","","","","","","","","","","","","","","","","","","","","","FB_MOF_AAA_Android_Perf-Ads_Pro-Sub_200326","","","","","","","","","",""
"","","","","","","","","","","","","","","","","","","","","","","","","","","","","","","","","","","","","","","FB_MOF_Open_Android_Subscribe-Event_Any-Pro-Sub_250326","","","","","","","","","",""
"","","","","","","","","","","","","","","","","","","","","","","","","","","","","","","","","","","","","","","FB_MOF_AAA_Android_Age-18-24-Only_Pro-Sub_190326","","","","","","","","","",""
"","","","","","","","","","","","","","","","","","","","","","","","","","","","","","","","","","","","","","","FB_MOF_AAA_Android_Gujarat-Only_Pro-Sub_190326","","","","","","","","","",""
"","","","","","","","","","","","","","","","","","","","","","","","","","","","","","","","","","","","","","","FB_MOF_AAA_Android_Aud-Network-Only_Pro-Sub_220326","","","","","","","","","",""
"","","","","","","","","","","","","","","","","","","","","","","","","","","","","","","","","","","","","","","FB_MOF_AAA_Android_Age-55+_Pro-Sub_190326","","","","","","","","","",""
"","","","","","","","","","","","","","","","","","","","","","","","","","","","","","","","","","","","","","","FB_MOF_AAA_Android_Maharashtra-Only_Pro-Sub_190326","","","","","","","","","",""
"","","","","","","","","","","","","","","","","","","","","","","","","","","","","","","","","","","","","","","FB_MOF_Detail-Target_Android_Bid-Cap_Pro-Sub_180326","","","","","","","","","",""
"","","","","","","","","","","","","","","","","","","","","","","","","","","","","","","","","","","","","","","FB_MOF_Open_Android_200-Ads_Pro-Sub_191125_Adset2","","","","","","","","","",""
"","","","","","","","","","","","","","","","","","","","","","","","","","","","","","","","","","","","","","","FB_MOF_Detail-Target_Android_Tamannah-2-Inf-Test_Pro-Sub_170326","","","","","","","","","",""
"","","","","","","","","","","","","","","","","","","","","","","","","","","","","","","","","","","","","","","FB_MOF_Detail-Target_Android_Ai-Bot-Cluster-Test_V1_Pro-Sub_090326","","","","","","","","","",""
"","","","","","","","","","","","","","","","","","","","","","","","","","","","","","","","","","","","","","","FB_MOF_Detail-Target_Android_Static-Market-Crash-Test_Pro-Sub_140326","","","","","","","","","",""
"","","","","","","","","","","","","","","","","","","","","","","","","","","","","","","","","","","","","","","FB_MOF_Detail-Target_Android_Khadi-Car-Zung-Test_Pro-Sub_090326","","","","","","","","","",""
"","","","","","","","","","","","","","","","","","","","","","","","","","","","","","","","","","","","","","","FB_MOF_Detail-Target_Android_Ruka-Hua-Paani-Test_Pro-Sub_090326","","","","","","","","","",""
"","","","","","","","","","","","","","","","","","","","","","","","","","","","","","","","","","","","","","","FB_MOF_Detail-Target_Android_Chalti-Train-Test_Pro-Sub_090326","","","","","","","","","",""
"","","","","","","","","","","","","","","","","","","","","","","","","","","","","","","","","","","","","","","FB_MOF_Open_Android_Gussing-Game-Test_V0_Pro-Sub_151225","","","","","","","","","",""
"","","","","","","","","","","","","","","","","","","","","","","","","","","","","","","","","","","","","","","FB_MOF_Open_Android_Pranit_Car-Test_Pro-Sub_191225","","","","","","","","","",""
"","","","","","","","","","","","","","","","","","","","","","","","","","","","","","","","","","","","","","","FB_MOF_Open_Android_HindZinc-Test_Pro-Sub_221225","","","","","","","","","",""
"","","","","","","","","","","","","","","","","","","","","","","","","","","","","","","","","","","","","","","FB_MOF_AA_Android_Loophole-Test_Pro-Sub_200226","","","","","","","","","",""
"","","","","","","","","","","","","","","","","","","","","","","","","","","","","","","","","","","","","","","FB_MOF_AA_Android_AI-Story-Test_Pro-Sub_230226","","","","","","","","","",""
"","","","","","","","","","","","","","","","","","","","","","","","","","","","","","","","","","","","","","","FB_MOF_AA_Android_AI-BJ-Inf-Test_Pro-Sub_250226","","","","","","","","","",""
"","","","","","","","","","","","","","","","","","","","","","","","","","","","","","","","","","","","","","","FB_MOF_AA_Android_Stand-Alone-Static-1_Pro-Sub_250226","","","","","","","","","",""
"","","","","","","","","","","","","","","","","","","","","","","","","","","","","","","","","","","","","","","FB_MOF_AA_Android_AI-Story-Test-4_Pro-Sub_260226","","","","","","","","","",""
"","","","","","","","","","","","","","","","","","","","","","","","","","","","","","","","","","","","","","","FB_MOF_AA_Android_Relax-Test_Pro-Sub_200226","","","","","","","","","",""
"","","","","","","","","","","","","","","","","","","","","","","","","","","","","","","","","","","","","","","FB_MOF_AA_Android_Static-Cluster-Test-2_Pro-Sub_250226","","","","","","","","","",""
"","","","","","","","","","","","","","","","","","","","","","","","","","","","","","","","","","","","","","","FB_MOF_AA_Android_Univest-Improved-Test_Pro-Sub_230226","","","","","","","","","",""
"","","","","","","","","","","","","","","","","","","","","","","","","","","","","","","","","","","","","","","FB_MOF_AA_Android_Manav-Inf-Test_Pro-Sub_250226","","","","","","","","","",""
"","","","","","","","","","","","","","","","","","","","","","","","","","","","","","","","","","","","","","","FB_MOF_AA_Android_Women-cluster-Test_Pro-Sub_250226","","","","","","","","","",""
"","","","","","","","","","","","","","","","","","","","","","","","","","","","","","","","","","","","","","","FB_MOF_AA_Android_Stand-Alone-Static-2_Pro-Sub_260226","","","","","","","","","",""
"","","","","","","","","","","","","","","","","","","","","","","","","","","","","","","","","","","","","","","FB_MOF_AA_Android_Stand-Alone-Static-4_Pro-Sub_260226","","","","","","","","","",""
"","","","","","","","","","","","","","","","","","","","","","","","","","","","","","","","","","","","","","","FB_MOF_AA_Android_Stand-Alone-Static-5_Pro-Sub_260226","","","","","","","","","",""
"","","","","","","","","","","","","","","","","","","","","","","","","","","","","","","","","","","","","","","FB_MOF_AA_Android_Stand-Alone-Static-6_Pro-Sub_260226","","","","","","","","","",""
"","","","","","","","","","","","","","","","","","","","","","","","","","","","","","","","","","","","","","","FB_MOF_AA_Android_AI-Story-Test-2_Pro-Sub_250226","","","","","","","","","",""
"","","","","","","","","","","","","","","","","","","","","","","","","","","","","","","","","","","","","","","FB_MOF_AA_Android_Static-Cluster-Test-1_Pro-Sub_250226","","","","","","","","","",""
"","","","","","","","","","","","","","","","","","","","","","","","","","","","","","","","","","","","","","","FB_MOF_AA_Android_AI-Story-Test-3_Pro-Sub_250226","","","","","","","","","",""
"","","","","","","","","","","","","","","","","","","","","","","","","","","","","","","","","","","","","","","FB_MOF_AA_Android_Stand-Alone-Static-7_Pro-Sub_260226","","","","","","","","","",""
"","","","","","","","","","","","","","","","","","","","","","","","","","","","","","","","","","","","","","","FB_MOF_Detail-Target_Android_Anmol-Testimonial-Video-V2-Test_Pro-Sub_110326","","","","","","","","","",""
"","","","","","","","","","","","","","","","","","","","","","","","","","","","","","","","","","","","","","","FB_MOF_Detail-Target_Android_Anmol-Testimonial-Video-V3-Test_Pro-Sub_110326","","","","","","","","","",""
"","","","","","","","","","","","","","","","","","","","","","","","","","","","","","","","","","","","","","","FB_MOF_Detail-Target_Android_Sudhir-Solution-Test_V1_Pro-Sub_120326","","","","","","","","","",""
"","","","","","","","","","","","","","","","","","","","","","","","","","","","","","","","","","","","","","","FB_MOF_Detail-Target_Android_Bimbo-Test_V1_Pro-Sub_120326","","","","","","","","","",""
"","","","","","","","","","","","","","","","","","","","","","","","","","","","","","","","","","","","","","","FB_MOF_Detail-Target_TFG-Podcast-Test_V1_Pro-Sub_120326","","","","","","","","","",""
"","","","","","","","","","","","","","","","","","","","","","","","","","","","","","","","","","","","","","","FB_MOF_Detail-Target_Android_New-Static-Cluster_V1_Pro-Sub_170326","","","","","","","","","",""
"","","","","","","","","","","","","","","","","","","","","","","","","","","","","","","","","","","","","","","FB_MOF_Detail-Target_Android_New-Static-Cluster_V2_Pro-Sub_170326","","","","","","","","","",""
"","","","","","","","","","","","","","","","","","","","","","","","","","","","","","","","","","","","","","","FB_MOF_Detail-Target_Android_CreatX-Final_Pro-Sub_180326","","","","","","","","","",""
"","","","","","","","","","","","","","","","","","","","","","","","","","","","","","","","","","","","","","","FB_MOF_Detail-Target_Android_Financial-Adda_V1_Pro-Sub_180326","","","","","","","","","",""
"","","","","","","","","","","","","","","","","","","","","","","","","","","","","","","","","","","","","","","FB_MOF_Detail-Target_Android_Financial-Adda_V2_Pro-Sub_180326","","","","","","","","","",""
"","","","","","","","","","","","","","","","","","","","","","","","","","","","","","","","","","","","","","","FB_MOF_Detail-Target_Android_Financial-Adda_V3_Pro-Sub_180326","","","","","","","","","",""
"","","","","","","","","","","","","","","","","","","","","","","","","","","","","","","","","","","","","","","FB_MOF_Detail-Target_Android_Telegram-Video-V3-Test_Pro-Sub_110226","","","","","","","","","",""
"","","","","","","","","","","","","","","","","","","","","","","","","","","","","","","","","","","","","","","FB_MOF_Detail-Target_Android_Telegram-Statics-V1-Test_Pro-Sub_110226","","","","","","","","","",""
"","","","","","","","","","","","","","","","","","","","","","","","","","","","","","","","","","","","","","","FB_MOF_Detail-Target_Android_Priority-Audience_Pro-Sub_010326","","","","","","","","","",""
"","","","","","","","","","","","","","","","","","","","","","","","","","","","","","","","","","","","","","","FB_MOF_Detail-Target_Android_Static-Market-Crash-Test_V6_Pro-Sub_150326","","","","","","","","","",""
"","","","","","","","","","","","","","","","","","","","","","","","","","","","","","","","","","","","","","","FB_MOF_Detail-Target_Android_Static-Market-Crash-Test_V7_Pro-Sub_150326","","","","","","","","","",""
"","","","","","","","","","","","","","","","","","","","","","","","","","","","","","","","","","","","","","","FB_MOF_Detail-Target_Android_Static-Market-Crash-Test_V8_Pro-Sub_160326","","","","","","","","","",""
"","","","","","","","","","","","","","","","","","","","","","","","","","","","","","","","","","","","","","","FB_MOF_Detail-Target_Android_Static-Market-Crash-Test-SA_V9_Pro-Sub_160326","","","","","","","","","",""
"","","","","","","","","","","","","","","","","","","","","","","","","","","","","","","","","","","","","","","FB_MOF_Detail-Target_Android_Static-Market-Crash-Test-SA_V10_Pro-Sub_160326","","","","","","","","","",""
"","","","","","","","","","","","","","","","","","","","","","","","","","","","","","","","","","","","","","","FB_MOF_Detail-Target_Android_Cute-AI-Test_Pro-Sub_160326","","","","","","","","","",""
"","","","","","","","","","","","","","","","","","","","","","","","","","","","","","","","","","","","","","","FB_MOF_Detail-Target_Android_Cute-Orange-Test_Pro-Sub_160326","","","","","","","","","",""
"","","","","","","","","","","","","","","","","","","","","","","","","","","","","","","","","","","","","","","FB_MOF_Detail-Target_Android_Garvit-Influencer-1-Test_Pro-Sub_170326","","","","","","","","","",""
"","","","","","","","","","","","","","","","","","","","","","","","","","","","","","","","","","","","","","","FB_MOF_Detail-Target_Android_Garvit-Influencer-2-Test_Pro-Sub_170326","","","","","","","","","",""
"","","","","","","","","","","","","","","","","","","","","","","","","","","","","","","","","","","","","","","FB_MOF_Detail-Target_Android_Garvit-Influencer-3-Test_Pro-Sub_170326","","","","","","","","","",""
"","","","","","","","","","","","","","","","","","","","","","","","","","","","","","","","","","","","","","","FB_MOF_Detail-Target_Android_Tamannah-1-Inf-Test_Pro-Sub_170326","","","","","","","","","",""
"","","","","","","","","","","","","","","","","","","","","","","","","","","","","","","","","","","","","","","FB_MOF_Detail-Target_Android_Bumper-Ads_Pro-Sub_170326","","","","","","","","","",""
"","","","","","","","","","","","","","","","","","","","","","","","","","","","","","","","","","","","","","","FB_MOF_Detail-Target_Android_Suiiii-Test_Pro-Sub_120326","","","","","","","","","",""
"","","","","","","","","","","","","","","","","","","","","","","","","","","","","","","","","","","","","","","FB_MOF_Detail-Target_Android_Volatile-Market-1-Test_Pro-Sub_130326","","","","","","","","","",""
"","","","","","","","","","","","","","","","","","","","","","","","","","","","","","","","","","","","","","","FB_MOF_Detail-Target_Android_Volatile-Market-2-Test_Pro-Sub_130326","","","","","","","","","",""
"","","","","","","","","","","","","","","","","","","","","","","","","","","","","","","","","","","","","","","FB_MOF_Detail-Target_Android_Nupur-Inf-1-Test_Pro-Sub_130326","","","","","","","","","",""
"","","","","","","","","","","","","","","","","","","","","","","","","","","","","","","","","","","","","","","FB_MOF_Detail-Target_Android_Nupur-Inf-2-Test_Pro-Sub_130326","","","","","","","","","",""
"","","","","","","","","","","","","","","","","","","","","","","","","","","","","","","","","","","","","","","FB_MOF_Detail-Target_Android_Budhu-Ladki-Returns-1-Test_Pro-Sub_130326","","","","","","","","","",""
"","","","","","","","","","","","","","","","","","","","","","","","","","","","","","","","","","","","","","","FB_MOF_Detail-Target_Android_Budhu-Ladki-Returns-2-Test_Pro-Sub_130326","","","","","","","","","",""
"","","","","","","","","","","","","","","","","","","","","","","","","","","","","","","","","","","","","","","FB_MOF_Detail-Target_Android_Budhu-Ladki-Returns-3-Test_Pro-Sub_130326","","","","","","","","","",""
"","","","","","","","","","","","","","","","","","","","","","","","","","","","","","","","","","","","","","","FB_MOF_Detail-Target_Android_Static-Market-Crash-2-Test_Pro-Sub_140326","","","","","","","","","",""
"","","","","","","","","","","","","","","","","","","","","","","","","","","","","","","","","","","","","","","FB_MOF_Detail-Target_Android_Static-Market-Crash-Test_V3_Pro-Sub_150326","","","","","","","","","",""
"","","","","","","","","","","","","","","","","","","","","","","","","","","","","","","","","","","","","","","FB_MOF_Detail-Target_Android_Static-Market-Crash-Test_V4_Pro-Sub_150326","","","","","","","","","",""
"","","","","","","","","","","","","","","","","","","","","","","","","","","","","","","","","","","","","","","FB_MOF_Detail-Target_Android_Static-Market-Crash-Test_V5_Pro-Sub_150326","","","","","","","","","",""
"","","","","","","","","","","","","","","","","","","","","","","","","","","","","","","","","","","","","","","FB_MOF_Detail-Target_Android_Univest-Car-Test_Pro-Sub_120326","","","","","","","","","",""
"","","","","","","","","","","","","","","","","","","","","","","","","","","","","","","","","","","","","","","FB_MOF_Detail-Target_Android_India-Win-T20-Test_Pro-Sub_080326","","","","","","","","","",""
"","","","","","","","","","","","","","","","","","","","","","","","","","","","","","","","","","","","","","","FB_MOF_Detail-Target_Android_Turtle-Dheere-Chalna-Test_Pro-Sub_090326","","","","","","","","","",""
"","","","","","","","","","","","","","","","","","","","","","","","","","","","","","","","","","","","","","","FB_MOF_Detail-Target_Android_Bonus-Reel-Test_Pro-Sub_110326","","","","","","","","","",""
"","","","","","","","","","","","","","","","","","","","","","","","","","","","","","","","","","","","","","","FB_MOF_Detail-Target_Android-Copy-Karana-Band-Test_Pro-Sub_110326","","","","","","","","","",""
"","","","","","","","","","","","","","","","","","","","","","","","","","","","","","","","","","","","","","","FB_MOF_Detail-Target_Android_Risk-Hai-Toh-Ishq-Hai-Test_Pro-Sub_110326","","","","","","","","","",""
"","","","","","","","","","","","","","","","","","","","","","","","","","","","","","","","","","","","","","","FB_MOF_Detail-Target_Android_Risky-Markets-Test_Pro-Sub_110326","","","","","","","","","",""
"","","","","","","","","","","","","","","","","","","","","","","","","","","","","","","","","","","","","","","FB_MOF_Detail-Target_Android_Shut-The-Noice-Test_Pro-Sub_120326","","","","","","","","","",""
"","","","","","","","","","","","","","","","","","","","","","","","","","","","","","","","","","","","","","","FB_MOF_Detail-Target_Android_Premimum-Telegram-Test_Pro-Sub_120326","","","","","","","","","",""
"","","","","","","","","","","","","","","","","","","","","","","","","","","","","","","","","","","","","","","FB_MOF_Detail-Target_Android_Ghar-Wale-Shadi-Ke-Piche-Pade-Hai-Test_Pro-Sub_120326","","","","","","","","","",""
"","","","","","","","","","","","","","","","","","","","","","","","","","","","","","","","","","","","","","","FB_MOF_Detail-Target_Android_Concert-Static-Test_Pro-Sub_170226","","","","","","","","","",""
"","","","","","","","","","","","","","","","","","","","","","","","","","","","","","","","","","","","","","","FB_MOF_Detail-Target_Android_Static-3-Galtiya-Test_Pro-Sub_260226","","","","","","","","","",""
"","","","","","","","","","","","","","","","","","","","","","","","","","","","","","","","","","","","","","","FB_MOF_Detail-Target_Android_Only-FB_Pro-Sub_060326","","","","","","","","","",""
"","","","","","","","","","","","","","","","","","","","","","","","","","","","","","","","","","","","","","","FB_MOF_AAA_Android_200-Ads-2_Pro-Sub_230226_Adset1","","","","","","","","","",""
"","","","","","","","","","","","","","","","","","","","","","","","","","","","","","","","","","","","","","","FB_MOF_LAL_Android_Scalper_Users-2%_Pro-Sub_080326","","","","","","","","","",""
"","","","","","","","","","","","","","","","","","","","","","","","","","","","","","","","","","","","","","","FB_MOF_LAL_Android_Demat-LTV_Users-1%_Pro-Sub_080326","","","","","","","","","",""
"","","","","","","","","","","","","","","","","","","","","","","","","","","","","","","","","","","","","","","FB_MOF_LAL_Android_High-LTV_Users-2%_Pro-Sub_100326","","","","","","","","","",""
"","","","","","","","","","","","","","","","","","","","","","","","","","","","","","","","","","","","","","","FB_MOF_Detail-Target_Android_Rahul-Figure-Test_Pro-Sub_050326","","","","","","","","","",""
"","","","","","","","","","","","","","","","","","","","","","","","","","","","","","","","","","","","","","","FB_MOF_Detail-Target_Android_Beard-Man-Test-1_Pro-Sub_050326","","","","","","","","","",""
"","","","","","","","","","","","","","","","","","","","","","","","","","","","","","","","","","","","","","","FB_MOF_Detail-Target_Android_Beard-Man-Test-2_Pro-Sub_050326","","","","","","","","","",""
"","","","","","","","","","","","","","","","","","","","","","","","","","","","","","","","","","","","","","","FB_MOF_Detail-Target_Android_Beard-Man-Test-3_Pro-Sub_050326","","","","","","","","","",""
"","","","","","","","","","","","","","","","","","","","","","","","","","","","","","","","","","","","","","","FB_MOF_Detail-Target_Android_Rahul-Figure-Test_V2_Pro-Sub_050326","","","","","","","","","",""
"","","","","","","","","","","","","","","","","","","","","","","","","","","","","","","","","","","","","","","FB_MOF_Detail-Target_Android_Bear-Cluster-Test_Pro-Sub_050326","","","","","","","","","",""
"","","","","","","","","","","","","","","","","","","","","","","","","","","","","","","","","","","","","","","FB_MOF_Detail-Target_Android_Anmol-Testimonial-Video-V1-Test_Pro-Sub_110326","","","","","","","","","",""
"","","","","","","","","","","","","","","","","","","","","","","","","","","","","","","","","","","","","","","FB_MOF_Detail-Target_Android_Google-Search-Test_Pro-Sub_110326","","","","","","","","","",""
"","","","","","","","","","","","","","","","","","","","","","","","","","","","","","","","","","","","","","","FB_MOF_Detail-Target_Grey-Eyes-Man-Test_V1_Pro-Sub_120326","","","","","","","","","",""
"","","","","","","","","","","","","","","","","","","","","","","","","","","","","","","","","","","","","","","FB_MOF_Detail-Target_Android_Bull-Enter-Stress-Test_Pro-Sub_020326","","","","","","","","","",""
"","","","","","","","","","","","","","","","","","","","","","","","","","","","","","","","","","","","","","","FB_MOF_Detail-Target_Android_Agency-Ai-Test_V2_Pro-Sub_030326","","","","","","","","","",""
"","","","","","","","","","","","","","","","","","","","","","","","","","","","","","","","","","","","","","","FB_MOF_Detail-Target_Android_Kitna-Dooba-Test_V2_Pro-Sub_030326","","","","","","","","","",""
"","","","","","","","","","","","","","","","","","","","","","","","","","","","","","","","","","","","","","","FB_MOF_Detail-Target_Android_Naked-Calls-Test_Pro-Sub_030326","","","","","","","","","",""
"","","","","","","","","","","","","","","","","","","","","","","","","","","","","","","","","","","","","","","FB_MOF_Detail-Target_Android_News-Test_Pro-Sub_030326","","","","","","","","","",""
"","","","","","","","","","","","","","","","","","","","","","","","","","","","","","","","","","","","","","","FB_MOF_Detail-Target_Android_Telegram-Statics-V2-Test_Pro-Sub_110226","","","","","","","","","",""
"","","","","","","","","","","","","","","","","","","","","","","","","","","","","","","","","","","","","","","FB_MOF_Detail-Target_Android_Telegram-Video-V2-Test_Pro-Sub_110226","","","","","","","","","",""
"","","","","","","","","","","","","","","","","","","","","","","","","","","","","","","","","","","","","","","FB_MOF_Open_Android_One-Builds-Portfolio-Test_Pro-Sub_051225","","","","","","","","","",""
"","","","","","","","","","","","","","","","","","","","","","","","","","","","","","","","","","","","","","","FB_MOF_Open_Android_200-Ads_Pro-Sub_191125_Adset1","","","","","","","","","",""
"","","","","","","","","","","","","","","","","","","","","","","","","","","","","","","","","","","","","","","FB_MOF_Detail-Target_Android_Holi-Ladki-Test_Pro-Sub_020326","","","","","","","","","",""
"","","","","","","","","","","","","","","","","","","","","","","","","","","","","","","","","","","","","","","FB_MOF_Detail-Target_Android_Holi-Colors-Test_Pro-Sub_020326","","","","","","","","","",""
"","","","","","","","","","","","","","","","","","","","","","","","","","","","","","","","","","","","","","","FB_MOF_Detail-Target_Android_Holi-Fire-Ai-Test_Pro-Sub_020326","","","","","","","","","",""
"","","","","","","","","","","","","","","","","","","","","","","","","","","","","","","","","","","","","","","FB_MOF_Detail-Target_Android_Holi-Spray-Test_Pro-Sub_020326","","","","","","","","","",""
"","","","","","","","","","","","","","","","","","","","","","","","","","","","","","","","","","","","","","","FB_MOF_Detail-Target_Android_Green-Portfolio-Test_Pro-Sub_030326","","","","","","","","","",""
"","","","","","","","","","","","","","","","","","","","","","","","","","","","","","","","","","","","","","","FB_MOF_Detail-Target_Android_CEO-Tips-News-Test_Pro-Sub_030326","","","","","","","","","",""
"","","","","","","","","","","","","","","","","","","","","","","","","","","","","","","","","","","","","","","FB_MOF_Detail-Target_Android_Bus-Stand-Test_Pro-Sub_070326","","","","","","","","","",""
"","","","","","","","","","","","","","","","","","","","","","","","","","","","","","","","","","","","","","","FB_MOF_Detail-Target_Android_Cricket-Ground-Test_Pro-Sub_080326","","","","","","","","","",""
"","","","","","","","","","","","","","","","","","","","","","","","","","","","","","","","","","","","","","","FB_MOF_Detail-Target_Android_Pranit-Option-Traders-Test_Pro-Sub_080326","","","","","","","","","",""
"","","","","","","","","","","","","","","","","","","","","","","","","","","","","","","","","","","","","","","FB_MOF_Detail-Target_Android_Dhyaan-Se-Suno-Inf-Test_V1_Pro-Sub_090326","","","","","","","","","",""
"","","","","","","","","","","","","","","","","","","","","","","","","","","","","","","","","","","","","","","FB_MOF_Detail-Target_Android_Ghadi-Time-Test_Pro-Sub_090326","","","","","","","","","",""
"","","","","","","","","","","","","","","","","","","","","","","","","","","","","","","","","","","","","","","FB_MOF_Detail-Target_Android_Dhyaan-Se-Suno-Inf-Test_V2_Pro-Sub_090326","","","","","","","","","",""
"","","","","","","","","","","","","","","","","","","","","","","","","","","","","","","","","","","","","","","FB_MOF_Detail-Target_Android_Trading-is-so-Difficult-Cluster-Test_Pro-Sub_090326","","","","","","","","","",""
"","","","","","","","","","","","","","","","","","","","","","","","","","","","","","","","","","","","","","","FB_MOF_Detail-Target_Android_Pranit-Ai-Option-Traders-Test_Pro-Sub_110326","","","","","","","","","",""
"","","","","","","","","","","","","","","","","","","","","","","","","","","","","","","","","","","","","","","FB_MOF_Detail-Target_Android_Kabir-Inf-Test_V2_Pro-Sub_170226","","","","","","","","","",""
"","","","","","","","","","","","","","","","","","","","","","","","","","","","","","","","","","","","","","","FB_MOF_AA_Android_AI-Videos-Test_Pro-Sub_190226","","","","","","","","","",""
"","","","","","","","","","","","","","","","","","","","","","","","","","","","","","","","","","","","","","","FB_MOF_Detail-Target_Android_Holi-Offer-Test_Pro-Sub_270226","","","","","","","","","",""
"","","","","","","","","","","","","","","","","","","","","","","","","","","","","","","","","","","","","","","FB_MOF_Detail-Target_Android_Holi-Offer2-Test_Pro-Sub_270226","","","","","","","","","",""
"","","","","","","","","","","","","","","","","","","","","","","","","","","","","","","","","","","","","","","FB_MOF_Detail-Target_Android_Holi-RA-Test_V1_Pro-Sub_270226","","","","","","","","","",""
"","","","","","","","","","","","","","","","","","","","","","","","","","","","","","","","","","","","","","","FB_MOF_Detail-Target_Android_Holi-RA-Test_V2_Pro-Sub_270226","","","","","","","","","",""
"","","","","","","","","","","","","","","","","","","","","","","","","","","","","","","","","","","","","","","FB_MOF_Detail_Target_Android_Ai-Sector-Sardar-Test_Pro-Sub_260226","","","","","","","","","",""
"","","","","","","","","","","","","","","","","","","","","","","","","","","","","","","","","","","","","","","FB_MOF_Detail-Target_Android_Univest-Improved-Test_Pro-Sub_020326","","","","","","","","","",""
"","","","","","","","","","","","","","","","","","","","","","","","","","","","","","","","","","","","","","","FB_MOF_Detail-Target_Android_Holi-Sudhir-Test_Pro-Sub_020326","","","","","","","","","",""
"","","","","","","","","","","","","","","","","","","","","","","","","","","","","","","","","","","","","","","FB_MOF_Detail-Target_Android_Sardar-Inf-Test_Pro-Sub_070226","","","","","","","","","",""
"","","","","","","","","","","","","","","","","","","","","","","","","","","","","","","","","","","","","","","FB_MOF_Detail-Target_Android_RA-Sardar-Inf-Test_Pro-Sub_070226","","","","","","","","","",""
"","","","","","","","","","","","","","","","","","","","","","","","","","","","","","","","","","","","","","","FB_MOF_Detail-Target_Android_Wallet-AI-Test_Pro-Sub_160226","","","","","","","","","",""
"","","","","","","","","","","","","","","","","","","","","","","","","","","","","","","","","","","","","","","FB_MOF_AAA_Android_200-Ads-2_Pro-Sub_230226_Adset2","","","","","","","","","",""
"","","","","","","","","","","","","","","","","","","","","","","","","","","","","","","","","","","","","","","FB_MOF_Detail-Target_Android_Telegram-Statics-V3-Test_Pro-Sub_110226","","","","","","","","","",""
"","","","","","","","","","","","","","","","","","","","","","","","","","","","","","","","","","","","","","","FB_MOF_Detail-Target_Android_Cricket-match_Pro-Sub_12022026","","","","","","","","","",""
"","","","","","","","","","","","","","","","","","","","","","","","","","","","","","","","","","","","","","","FB_MOF_Detail-Target_Android_Uncle-Video-V1-Test_Pro-Sub_130226","","","","","","","","","",""
"","","","","","","","","","","","","","","","","","","","","","","","","","","","","","","","","","","","","","","FB_MOF_Detail-Target_Android_Uncle-Video-V3-Test_Pro-Sub_130226","","","","","","","","","",""
"","","","","","","","","","","","","","","","","","","","","","","","","","","","","","","","","","","","","","","FB_MOF_Detail-Target_Android_Anurag-Inf-Test_Pro-Sub_160226","","","","","","","","","",""
"","","","","","","","","","","","","","","","","","","","","","","","","","","","","","","","","","","","","","","FB_MOF_Detail-Target_Android_Advisory-Picks-Test_Pro-Sub_170226","","","","","","","","","",""
"","","","","","","","","","","","","","","","","","","","","","","","","","","","","","","","","","","","","","","FB_MOF_Detail-Target_Android_Yash-Ripal-CCTV-Test_V0_Pro-Sub_270126","","","","","","","","","",""
"","","","","","","","","","","","","","","","","","","","","","","","","","","","","","","","","","","","","","","FB_MOF_Open_Android_200-Ads_Pro-Sub_160126_Adset3","","","","","","","","","",""
"","","","","","","","","","","","","","","","","","","","","","","","","","","","","","","","","","","","","","","FB_MOF_Detail-Target_Android_Holi-Ladki-Test_Pro-Sub_270226","","","","","","","","","",""
"","","","","","","","","","","","","","","","","","","","","","","","","","","","","","","","","","","","","","","FB_MOF_Open_Android_Sardar-and-Banner-Cluster-Test_Pro-Sub_110226","","","","","","","","","",""
"","","","","","","","","","","","","","","","","","","","","","","","","","","","","","","","","","","","","","","FB_MOF_Detail-Target_Android_India-Win-Test_Pro-Sub_160226","","","","","","","","","",""
"","","","","","","","","","","","","","","","","","","","","","","","","","","","","","","","","","","","","","","FB_MOF_Detail-Target_Android_Pranit-Silver-FD-Test_Pro-Sub_160226","","","","","","","","","",""
"","","","","","","","","","","","","","","","","","","","","","","","","","","","","","","","","","","","","","","FB_MOF_Detail-Target_Android_Kabir-Inf-Test_Pro-Sub_170226","","","","","","","","","",""
"","","","","","","","","","","","","","","","","","","","","","","","","","","","","","","","","","","","","","","FB_MOF_Detail-Target_Android_Cricket-Bus-Static-Test_Pro-Sub_170226","","","","","","","","","",""
"","","","","","","","","","","","","","","","","","","","","","","","","","","","","","","","","","","","","","","FB_MOF_Detail-Target_Android_Locked-Past-Perf-Gamble-Static-Test_Pro-Sub_170226","","","","","","","","","",""
"","","","","","","","","","","","","","","","","","","","","","","","","","","","","","","","","","","","","","","FB_MOF_Detail-Target_Android_Advisory-Idea-Test_Pro-Sub_170226","","","","","","","","","",""
"","","","","","","","","","","","","","","","","","","","","","","","","","","","","","","","","","","","","","","FB_MOF_Detail-Target_Android_Silver-Gold-Inf-Test_V0_Pro-Sub_180226","","","","","","","","","",""
"","","","","","","","","","","","","","","","","","","","","","","","","","","","","","","","","","","","","","","FB_MOF_AA_Android_Sam-Altman-Test_Pro-Sub_180226","","","","","","","","","",""
"","","","","","","","","","","","","","","","","","","","","","","","","","","","","","","","","","","","","","","FB_MOF_AA_Android_Static-AI-Test_Pro-Sub_180226","","","","","","","","","",""
"","","","","","","","","","","","","","","","","","","","","","","","","","","","","","","","","","","","","","","FB_MOF_AA_Android_Anurag-Test_V2_Pro-Sub_190226","","","","","","","","","",""
"","","","","","","","","","","","","","","","","","","","","","","","","","","","","","","","","","","","","","","FB_MOF_Detail_Target_Android_AI-Story-Test_V5_Pro-Sub_260226","","","","","","","","","",""
"","","","","","","","","","","","","","","","","","","","","","","","","","","","","","","","","","","","","","","FB_MOF_Detail-Target_Android_Turtle-Theory-Test_Pro-Sub_260226","","","","","","","","","",""
"","","","","","","","","","","","","","","","","","","","","","","","","","","","","","","","","","","","","","","FB_MOF_Detail-Target_Android_Banner-Statics-Test_V1_Pro-Sub_050226","","","","","","","","","",""
"","","","","","","","","","","","","","","","","","","","","","","","","","","","","","","","","","","","","","","FB_MOF_Detail-Target_Android_Metro-Video-Cluster_V1_Pro-Sub_070226","","","","","","","","","",""
"","","","","","","","","","","","","","","","","","","","","","","","","","","","","","","","","","","","","","","FB_MOF_Detail-Target_Android_Sardar-2-Inf-Test_Pro-Sub_070226","","","","","","","","","",""
"","","","","","","","","","","","","","","","","","","","","","","","","","","","","","","","","","","","","","","FB_MOF_Detail-Target_Android_Bangalore-Region_V0_Pro-Sub_100226","","","","","","","","","",""
"","","","","","","","","","","","","","","","","","","","","","","","","","","","","","","","","","","","","","","FB_MOF_Detail-Target_Android_Delhi-NCR_V0_Pro-Sub_100226","","","","","","","","","",""
"","","","","","","","","","","","","","","","","","","","","","","","","","","","","","","","","","","","","","","FB_MOF_Detail-Target_Android_Jibran-Inf-Test_Pro-Sub_070226","","","","","","","","","",""
"","","","","","","","","","","","","","","","","","","","","","","","","","","","","","","","","","","","","","","FB_MOF_Open_Android_Nifty-all-Time-High-Test_Pro-Sub_050126","","","","","","","","","",""
"","","","","","","","","","","","","","","","","","","","","","","","","","","","","","","","","","","","","","","FB_MOF_AAA_Android_Revamped-Videos_Pro-Sub_130226_Adset1","","","","","","","","","",""
"","","","","","","","","","","","","","","","","","","","","","","","","","","","","","","","","","","","","","","FB_MOF_Detail-Target_Android_Stock-Ideas-Test_Pro-Sub_170226","","","","","","","","","",""
"","","","","","","","","","","","","","","","","","","","","","","","","","","","","","","","","","","","","","","FB_MOF_Detail-Target_Android_Stock-Picks-Test_Pro-Sub_170226","","","","","","","","","",""
"","","","","","","","","","","","","","","","","","","","","","","","","","","","","","","","","","","","","","","FB_MOF_AAA_Android_200-Ads_Pro-Sub_030226_Adset2","","","","","","","","","",""
"","","","","","","","","","","","","","","","","","","","","","","","","","","","","","","","","","","","","","","FB_MOF_AAA_Android_200-Ads_Pro-Sub_030226_Adset1","","","","","","","","","",""
"","","","","","","","","","","","","","","","","","","","","","","","","","","","","","","","","","","","","","","FB_MOF_AAA_Android_Thumb-Cluster_Pro-Sub_090126","","","","","","","","","",""
"","","","","","","","","","","","","","","","","","","","","","","","","","","","","","","","","","","","","","","FB_BOF_Custom_Android_Insta-Visitors-365d_Pro-Sub_190825","","","","","","","","","",""
"","","","","","","","","","","","","","","","","","","","","","","","","","","","","","","","","","","","","","","FB_MOF_Detail-Target_Android_Video_Cherry-Metro-Test-Without-Univest_V0_Pro-Sub_230126","","","","","","","","","",""
"","","","","","","","","","","","","","","","","","","","","","","","","","","","","","","","","","","","","","","FB_MOF_Detail-Target_Android_Union-Budget-Test_V0_Pro-Sub_260126","","","","","","","","","",""
"","","","","","","","","","","","","","","","","","","","","","","","","","","","","","","","","","","","","","","FB_MOF_Detail-Target_Android_Fire-Budget-Test_V0_Pro-Sub_270126","","","","","","","","","",""
"","","","","","","","","","","","","","","","","","","","","","","","","","","","","","","","","","","","","","","FB_MOF_Detail-Target_Android_Union-Budget-Videos-Test_V0_Pro-Sub_270126","","","","","","","","","",""
"","","","","","","","","","","","","","","","","","","","","","","","","","","","","","","","","","","","","","","FB_MOF_Detail-Target_Android_Union-Budget-Videos-Test_V1_Pro-Sub_280126","","","","","","","","","",""
"","","","","","","","","","","","","","","","","","","","","","","","","","","","","","","","","","","","","","","FB_MOF_Open_Android_Mohit-Test_V0_Pro-Sub_091225","","","","","","","","","",""
"","","","","","","","","","","","","","","","","","","","","","","","","","","","","","","","","","","","","","","FB_MOF_Open_Android_Asking-People-Questions-Test_V0_Pro-Sub_141125","","","","","","","","","",""
"","","","","","","","","","","","","","","","","","","","","","","","","","","","","","","","","","","","","","","FB_MOF_Detail-Target_Android_US-India-Deal-Test_V0_Pro-Sub_050226","","","","","","","","","",""
"","","","","","","","","","","","","","","","","","","","","","","","","","","","","","","","","","","","","","","FB_MOF_Detail-Target_Android_Rahul-Explained-Test_Pro-Sub_050226","","","","","","","","","",""
"","","","","","","","","","","","","","","","","","","","","","","","","","","","","","","","","","","","","","","FB_MOF_Detail-Target_Android_Hegde-Inf-Test_Pro-Sub_070226","","","","","","","","","",""
"","","","","","","","","","","","","","","","","","","","","","","","","","","","","","","","","","","","","","","FB_MOF_Open_Android_FD-Karli-Influencer-Test_Pro-Sub_181225","","","","","","","","","",""
"","","","","","","","","","","","","","","","","","","","","","","","","","","","","","","","","","","","","","","FB_MOF_Detail-Target_Android_Gods-In-Car-Test_Pro-Sub_220126","","","","","","","","","",""
"","","","","","","","","","","","","","","","","","","","","","","","","","","","","","","","","","","","","","","FB_MOF_Detail-Target_Android_Influencer-Amitesh-UB-Test_Pro-Sub_290126","","","","","","","","","",""
"","","","","","","","","","","","","","","","","","","","","","","","","","","","","","","","","","","","","","","FB_MOF_Detail-Target_Android_Yash-Kabir-Test_Pro-Sub_300126","","","","","","","","","",""
"","","","","","","","","","","","","","","","","","","","","","","","","","","","","","","","","","","","","","","FB_MOF_Detail-Target_Android_Pranit-Budget-Test_Pro-Sub_010226","","","","","","","","","",""
"","","","","","","","","","","","","","","","","","","","","","","","","","","","","","","","","","","","","","","FB_MOF_Detail-Target_Android_G-Meet-Test_V0_Pro-Sub_050226","","","","","","","","","",""
"","","","","","","","","","","","","","","","","","","","","","","","","","","","","","","","","","","","","","","FB_MOF_Open_Android_AI-Testimonial-Test_Pro-Sub_241225","","","","","","","","","",""
"","","","","","","","","","","","","","","","","","","","","","","","","","","","","","","","","","","","","","","FB_MOF_Detail-Target_Android_Revamped-Videos-Test_Pro-Sub_280126","","","","","","","","","",""
"","","","","","","","","","","","","","","","","","","","","","","","","","","","","","","","","","","","","","","FB_MOF_Detail-Target_Android_TROAS-40%_Pro-Sub_060126_Age-20-30","","","","","","","","","",""
"","","","","","","","","","","","","","","","","","","","","","","","","","","","","","","","","","","","","","","FB_MOF_Detail-Target_Android_Best-30-Ads_Pro-Sub_020126_Best-region","","","","","","","","","",""
"","","","","","","","","","","","","","","","","","","","","","","","","","","","","","","","","","","","","","","FB_MOF_Detail-Target_Android_Pranit-Perf-Test_V0_Pro-Sub_160126","","","","","","","","","",""
"","","","","","","","","","","","","","","","","","","","","","","","","","","","","","","","","","","","","","","FB_MOF_Detail-Target_Android_Manish-Test_V1_Pro-Sub_160126","","","","","","","","","",""
"","","","","","","","","","","","","","","","","","","","","","","","","","","","","","","","","","","","","","","FB_MOF_Detail-Target_Android_Manish-Test_V2_Pro-Sub_160126","","","","","","","","","",""
"","","","","","","","","","","","","","","","","","","","","","","","","","","","","","","","","","","","","","","FB_MOF_Detail-Target_Android_Cherry-Metro-Test-Without-Univest_V0_Pro-Sub_140126","","","","","","","","","",""
"","","","","","","","","","","","","","","","","","","","","","","","","","","","","","","","","","","","","","","FB_MOF_Detail-Target_Android_Daily-Nifty-Analysis-Test_V0_Pro-Sub_210126","","","","","","","","","",""
"","","","","","","","","","","","","","","","","","","","","","","","","","","","","","","","","","","","","","","FB_MOF_Detail-Target_Android_Cherry-Exit-St-Test_V0_Pro-Sub_270126","","","","","","","","","",""
"","","","","","","","","","","","","","","","","","","","","","","","","","","","","","","","","","","","","","","FB_MOF_Detail-Target_Android_Metro-Motion-Test_V0_Pro-Sub_270126","","","","","","","","","",""
"","","","","","","","","","","","","","","","","","","","","","","","","","","","","","","","","","","","","","","FB_MOF_Open_Android_CA-Lakshmi-Test_V0_Pro-Sub_311225","","","","","","","","","",""
"","","","","","","","","","","","","","","","","","","","","","","","","","","","","","","","","","","","","","","FB_MOF_Open_Android_Tweet-Test_V0_Pro-Sub_311225","","","","","","","","","",""
"","","","","","","","","","","","","","","","","","","","","","","","","","","","","","","","","","","","","","","FB_MOF_Detail-Target_Android_Cherry-Metro-Test_V0_Pro-Sub_140126","","","","","","","","","",""
"","","","","","","","","","","","","","","","","","","","","","","","","","","","","","","","","","","","","","","FB_MOF_Open_Android_Aunty-Test_V1_Pro-Sub_031225","","","","","","","","","",""
"","","","","","","","","","","","","","","","","","","","","","","","","","","","","","","","","","","","","","","FB_MOF_Open_Android_Jasmine-Test_Pro-Sub_261225","","","","","","","","","",""
"","","","","","","","","","","","","","","","","","","","","","","","","","","","","","","","","","","","","","","FB_MOF_Open_Android_Pranit-Silver-Test_Pro-Sub_291225","","","","","","","","","",""
"","","","","","","","","","","","","","","","","","","","","","","","","","","","","","","","","","","","","","","FB_MOF_Detail-Traget_Android_YT-Cut-Test_Pro-Sub_150126","","","","","","","","","",""
"","","","","","","","","","","","","","","","","","","","","","","","","","","","","","","","","","","","","","","FB_MOF_Detail-Traget_Android_YT-Cut-2-Test_Pro-Sub_160126","","","","","","","","","",""
"","","","","","","","","","","","","","","","","","","","","","","","","","","","","","","","","","","","","","","FB_MOF_Open_Android_Doctor-Test_V2_Pro-Sub_160126","","","","","","","","","",""
"","","","","","","","","","","","","","","","","","","","","","","","","","","","","","","","","","","","","","","FB_MOF_Detail-Traget_Android_US-War-Test_Pro-Sub_160126","","","","","","","","","",""
"","","","","","","","","","","","","","","","","","","","","","","","","","","","","","","","","","","","","","","FB_MOF_Detail-Target_Android_Ayush-New-Test_V1_Pro-Sub_190126","","","","","","","","","",""
"","","","","","","","","","","","","","","","","","","","","","","","","","","","","","","","","","","","","","","FB_MOF_Detail-Target_Android_Ayush-New-Test_V2_Pro-Sub_190126","","","","","","","","","",""
"","","","","","","","","","","","","","","","","","","","","","","","","","","","","","","","","","","","","","","FB_MOF_Detail-Target_Android_Vaishali-Test_Pro-Sub_190126","","","","","","","","","",""
"","","","","","","","","","","","","","","","","","","","","","","","","","","","","","","","","","","","","","","FB_MOF_Detail-Target_Android_Copper-Pranit-Test_Pro-Sub_190126","","","","","","","","","",""
"","","","","","","","","","","","","","","","","","","","","","","","","","","","","","","","","","","","","","","FB_MOF_Detail-Target_Android_Carousel-Test_Pro-Sub_210126","","","","","","","","","",""
"","","","","","","","","","","","","","","","","","","","","","","","","","","","","","","","","","","","","","","FB_MOF_Open_Android_Doctor-Test_Pro-Sub_121225","","","","","","","","","",""
"","","","","","","","","","","","","","","","","","","","","","","","","","","","","","","","","","","","","","","FB_MOF_Detail-Target_Web-to-App_Start-Trial_191225","","","","","","","","","",""
"","","","","","","","","","","","","","","","","","","","","","","","","","","","","","","","","","","","","","","FB_MOF_Open_Android_Old-Uncle-Test_V0_Pro-Sub_010126","","","","","","","","","",""
"","","","","","","","","","","","","","","","","","","","","","","","","","","","","","","","","","","","","","","FB_MOF_Open_Android_Vakeel-Test_V0_Pro-Sub_020126","","","","","","","","","",""
"","","","","","","","","","","","","","","","","","","","","","","","","","","","","","","","","","","","","","","FB_MOF_Open_Android_Kaushal-Pandey-Test_V0_Pro-Sub_050126","","","","","","","","","",""
"","","","","","","","","","","","","","","","","","","","","","","","","","","","","","","","","","","","","","","FB_MOF_Open_Android_Karan-Shetty-Test_V0_Pro-Sub_050126","","","","","","","","","",""
"","","","","","","","","","","","","","","","","","","","","","","","","","","","","","","","","","","","","","","FB_MOF_Open_Android_AI-Suggestion-Test_V0_Pro-Sub_070126","","","","","","","","","",""
"","","","","","","","","","","","","","","","","","","","","","","","","","","","","","","","","","","","","","","FB_MOF_Open_Android_Enterpreneur-Test_V0_Pro-Sub_070126","","","","","","","","","",""
"","","","","","","","","","","","","","","","","","","","","","","","","","","","","","","","","","","","","","","FB_MOF_Open_Android_Fake-Guru-Test_V0_Pro-Sub_070126","","","","","","","","","",""
"","","","","","","","","","","","","","","","","","","","","","","","","","","","","","","","","","","","","","","FB_MOF_Open_Android_Friend-Convo-Test_V0_Pro-Sub_070126","","","","","","","","","",""
"","","","","","","","","","","","","","","","","","","","","","","","","","","","","","","","","","","","","","","FB_MOF_Open_Android_Lottery-Test_V0_Pro-Sub_070126","","","","","","","","","",""
"","","","","","","","","","","","","","","","","","","","","","","","","","","","","","","","","","","","","","","FB_MOF_Open_Android_Therapist-Test_V0_Pro-Sub_070126","","","","","","","","","",""
"","","","","","","","","","","","","","","","","","","","","","","","","","","","","","","","","","","","","","","FB_MOF_Open_Android_News-Anchor-Test_V0_Pro-Sub_070126","","","","","","","","","",""
"","","","","","","","","","","","","","","","","","","","","","","","","","","","","","","","","","","","","","","FB_MOF_Open_Android_Corporate-Test_V0_Pro-Sub_070126","","","","","","","","","",""
"","","","","","","","","","","","","","","","","","","","","","","","","","","","","","","","","","","","","","","FB_MOF_Detail-Target_Android_Rahul-Laptop-Test_V0_Pro-Sub_080126","","","","","","","","","",""
"","","","","","","","","","","","","","","","","","","","","","","","","","","","","","","","","","","","","","","FB_MOF_Detail-Target_Android_Rahul-Expose-Test_V0_Pro-Sub_090126","","","","","","","","","",""
"","","","","","","","","","","","","","","","","","","","","","","","","","","","","","","","","","","","","","","FB_MOF_Detail-Target_Android_Anurag-Lacoste-Test_V0_Pro-Sub_090126","","","","","","","","","",""
"","","","","","","","","","","","","","","","","","","","","","","","","","","","","","","","","","","","","","","FB_MOF_Detail-Target_Android_Himanshu-Karan-Shetty-Test_V0_Pro-Sub_090126","","","","","","","","","",""
"","","","","","","","","","","","","","","","","","","","","","","","","","","","","","","","","","","","","","","FB_MOF_Detail-Target_Android_Rahul-Economictimes-Test_V0_Pro-Sub_120126","","","","","","","","","",""
"","","","","","","","","","","","","","","","","","","","","","","","","","","","","","","","","","","","","","","FB_MOF_Detail-Target_Android_Rahul-Comment-Test_V0_Pro-Sub_120126","","","","","","","","","",""
"","","","","","","","","","","","","","","","","","","","","","","","","","","","","","","","","","","","","","","FB_MOF_Detail-Target_Android_Rahul-Laptop-Test_V2_Pro-Sub_120126","","","","","","","","","",""
"","","","","","","","","","","","","","","","","","","","","","","","","","","","","","","","","","","","","","","FB_MOF_Open_Android_Test-Creatives_Pro-Sub_131125","","","","","","","","","",""
"","","","","","","","","","","","","","","","","","","","","","","","","","","","","","","","","","","","","","","FB_MOF_Open_Android_Stock-Heist-Test_V0_Pro-Sub_081225","","","","","","","","","",""
"","","","","","","","","","","","","","","","","","","","","","","","","","","","","","","","","","","","","","","FB_MOF_Open_Android_Nakul-Test_V0_Pro-Sub_091225","","","","","","","","","",""
"","","","","","","","","","","","","","","","","","","","","","","","","","","","","","","","","","","","","","","FB_MOF_Open_Android_Diversification-Dilemma-Test_Pro-Sub_050126","","","","","","","","","",""
"","","","","","","","","","","","","","","","","","","","","","","","","","","","","","","","","","","","","","","FB_MOF_Open_Android_Short-Term-Trade-Test_Pro-Sub_060126","","","","","","","","","",""
"","","","","","","","","","","","","","","","","","","","","","","","","","","","","","","","","","","","","","","FB_MOF_Open_Android_New-Year-Resolution-Test_Pro-Sub_060126","","","","","","","","","",""
"","","","","","","","","","","","","","","","","","","","","","","","","","","","","","","","","","","","","","","FB_MOF_Open_Android_Shainal-Test_Pro-Sub_191225","","","","","","","","","",""
"","","","","","","","","","","","","","","","","","","","","","","","","","","","","","","","","","","","","","","FB_MOF_Open_Android_New-Year-RA-Test_Pro-Sub_301225","","","","","","","","","",""
"","","","","","","","","","","","","","","","","","","","","","","","","","","","","","","","","","","","","","","FB_MOF_Open_Android_Makeup-Overloaded-Test_Pro-Sub_010126","","","","","","","","","",""
"","","","","","","","","","","","","","","","","","","","","","","","","","","","","","","","","","","","","","","FB_MOF_Open_Android_Tummy-Girl-Test_Pro-Sub_010126","","","","","","","","","",""
"","","","","","","","","","","","","","","","","","","","","","","","","","","","","","","","","","","","","","","FB_MOF_Open_Android_New-Year-Statics-Test_Pro-Sub_010126","","","","","","","","","",""
"","","","","","","","","","","","","","","","","","","","","","","","","","","","","","","","","","","","","","","FB_MOF_Open_Android_Nakul-New-Inf-Test_Pro-Sub_221225","","","","","","","","","",""
"","","","","","","","","","","","","","","","","","","","","","","","","","","","","","","","","","","","","","","FB_MOF_Custom_Android_F&O_Users_Pro-Sub_181225","","","","","","","","","",""
"","","","","","","","","","","","","","","","","","","","","","","","","","","","","","","","","","","","","","","FB_MOF_Detail-Target_Android_Best-30-Ads_Pro-Sub_020126_Worst-region","","","","","","","","","",""
"","","","","","","","","","","","","","","","","","","","","","","","","","","","","","","","","","","","","","","FB_MOF_Detail-Target_Android_Best-1-Ads_Pro-Sub_020126_Best-region","","","","","","","","","",""
"","","","","","","","","","","","","","","","","","","","","","","","","","","","","","","","","","","","","","","FB_MOF_Detail-Target_Android_Best-1-Ads_Pro-Sub_020126_Worst-region","","","","","","","","","",""
"","","","","","","","","","","","","","","","","","","","","","","","","","","","","","","","","","","","","","","FB_MOF_Detail-Target_Android_100-Best-Ads_Pro-Sub_111225_AdSet1","","","","","","","","","",""
"","","","","","","","","","","","","","","","","","","","","","","","","","","","","","","","","","","","","","","FB_MOF_Detail-Target_Android_Stock-Heist-Inf_Pro-Sub_241225","","","","","","","","","",""
"","","","","","","","","","","","","","","","","","","","","","","","","","","","","","","","","","","","","","","FB_MOF_Detail-Target_Android_Performance-Ads-test_Pro-Sub_131125","","","","","","","","","",""
"","","","","","","","","","","","","","","","","","","","","","","","","","","","","","","","","","","","","","","FB_MOF_Open_Android_Malik-Test_V0_Pro-Sub_311225","","","","","","","","","",""
"","","","","","","","","","","","","","","","","","","","","","","","","","","","","","","","","","","","","","","FB_MOF_Open_Android_Cheating-80-Defence-Test_V0_Pro-Sub_281125","","","","","","","","","",""
"","","","","","","","","","","","","","","","","","","","","","","","","","","","","","","","","","","","","","","FB_MOF_Open_Android_Equity-Options-Futures_V0_Pro-Sub_171225","","","","","","","","","",""
"","","","","","","","","","","","","","","","","","","","","","","","","","","","","","","","","","","","","","","FB_MOF_Open_Android_YouTube_Video-Test_Pro-Sub_191225","","","","","","","","","",""
"","","","","","","","","","","","","","","","","","","","","","","","","","","","","","","","","","","","","","","FB_MOF_Open_Android_Cluster-Videos-Test_Pro-Sub_191225","","","","","","","","","",""
"","","","","","","","","","","","","","","","","","","","","","","","","","","","","","","","","","","","","","","FB_MOF_Open_Android_Cluster-Videos-Test-2_Pro-Sub_191225","","","","","","","","","",""
"","","","","","","","","","","","","","","","","","","","","","","","","","","","","","","","","","","","","","","FB_MOF_Open_Android_Pranit-Inshorts-Test_Pro-Sub_221225","","","","","","","","","",""
"","","","","","","","","","","","","","","","","","","","","","","","","","","","","","","","","","","","","","","FB_MOF_Open_Android_Economic-100plus-Discover-Test_Pro-Sub_231225","","","","","","","","","",""
"","","","","","","","","","","","","","","","","","","","","","","","","","","","","","","","","","","","","","","FB_MOF_Open_Android_AI-Christmas-Test_Pro-Sub_231225","","","","","","","","","",""
"","","","","","","","","","","","","","","","","","","","","","","","","","","","","","","","","","","","","","","FB_MOF_Open_Android_Christmas-Statics-Test_Pro-Sub_241225","","","","","","","","","",""
"","","","","","","","","","","","","","","","","","","","","","","","","","","","","","","","","","","","","","","FB_MOF_Open_Android_New-Year-AI-Test_Pro-Sub_301225","","","","","","","","","",""
"","","","","","","","","","","","","","","","","","","","","","","","","","","","","","","","","","","","","","","FB_MOF_Open_Android_Ayush-Influencer-Test_Pro-Sub_081225","","","","","","","","","",""
"","","","","","","","","","","","","","","","","","","","","","","","","","","","","","","","","","","","","","","FB_MOF_LAL_Android_F&O_Users-1%_Pro-Sub_181225","","","","","","","","","",""
"","","","","","","","","","","","","","","","","","","","","","","","","","","","","","","","","","","","","","","FB_MOF_Open_Android_40years+-Experience-Test_V0_Pro-Sub_011225","","","","","","","","","",""
"","","","","","","","","","","","","","","","","","","","","","","","","","","","","","","","","","","","","","","FB_MOF_Open_Android_W-Tshirt-Ladka-Test_V0_Pro-Sub_091225","","","","","","","","","",""
"","","","","","","","","","","","","","","","","","","","","","","","","","","","","","","","","","","","","","","FB_MOF_Open_Android_3-New-Statics-Test_V0_Pro-Sub_151225","","","","","","","","","",""
"","","","","","","","","","","","","","","","","","","","","","","","","","","","","","","","","","","","","","","FB_MOF_Open_Android_Monkey-AI-Test_V1_Pro-Sub_181125","","","","","","","","","",""
"","","","","","","","","","","","","","","","","","","","","","","","","","","","","","","","","","","","","","","FB_MOF_Open_Android_Monkey-AI-Test_V2_Pro-Sub_181125","","","","","","","","","",""
"","","","","","","","","","","","","","","","","","","","","","","","","","","","","","","","","","","","","","","FB_MOF_Open_Android_Anil-Eternal-Test_V0_Pro-Sub_181125","","","","","","","","","",""
"","","","","","","","","","","","","","","","","","","","","","","","","","","","","","","","","","","","","","","FB_MOF_Open_Android_AS-Sebi-Test_V0_Pro-Sub_171125","","","","","","","","","",""
"","","","","","","","","","","","","","","","","","","","","","","","","","","","","","","","","","","","","","","FB_MOF_Open_Android_Buddhu-Ladki-Test_Pro-Sub_131125","","","","","","","","","",""
"","","","","","","","","","","","","","","","","","","","","","","","","","","","","","","","","","","","","","","MOF-AAA-Android-India-NewuserSubscription-050525Campaign Ad Set","","","","","","","","","",""
"","","","","","","","","","","","","","","","","","","","","","","","","","","","","","","","","","","","","","","MOF-AAA-Android-India-YoutubeNewuserSubscription-250625","","","","","","","","","",""
"","","","","","","","","","","","","","","","","","","","","","","","","","","","","","","","","","","","","","","FB_MOF_Open_Android_Shark-Test_V0_Pro-Sub_051225","","","","","","","","","",""
"","","","","","","","","","","","","","","","","","","","","","","","","","","","","","","","","","","","","","","FB_MOF_Open_Android_Hedged-Video-V1-Test_Pro-Sub_091225","","","","","","","","","",""
"","","","","","","","","","","","","","","","","","","","","","","","","","","","","","","","","","","","","","","FB_MOF_Open_Android_Hedged-Video-V2-Test_Pro-Sub_091225","","","","","","","","","",""
"","","","","","","","","","","","","","","","","","","","","","","","","","","","","","","","","","","","","","","FB_MOF_Open_Android_Hedged-Video-V3-Test_Pro-Sub_091225","","","","","","","","","",""
"","","","","","","","","","","","","","","","","","","","","","","","","","","","","","","","","","","","","","","FB_MOF_Open_Android_Orange-Goggles-V1-Test_Pro-Sub_101225","","","","","","","","","",""
"","","","","","","","","","","","","","","","","","","","","","","","","","","","","","","","","","","","","","","FB_MOF_Open_Android_Orange-Goggles-V2-Test_Pro-Sub_101225","","","","","","","","","",""
"","","","","","","","","","","","","","","","","","","","","","","","","","","","","","","","","","","","","","","FB_MOF_Open_Android_Orange-Goggles-V3-Test_Pro-Sub_101225","","","","","","","","","",""
"","","","","","","","","","","","","","","","","","","","","","","","","","","","","","","","","","","","","","","FB_MOF_Open_Android_Monkey-AI-Test_V3_Pro-Sub_141225","","","","","","","","","",""
"","","","","","","","","","","","","","","","","","","","","","","","","","","","","","","","","","","","","","","FB_MOF_LAL_Android_1%-D0-Converters_Pro-Sub_111125","","","","","","","","","",""
"","","","","","","","","","","","","","","","","","","","","","","","","","","","","","","","","","","","","","","FB_MOF_LAL_Android_1%-Portfolio-Connectors_Start-Trial_111125","","","","","","","","","",""
"","","","","","","","","","","","","","","","","","","","","","","","","","","","","","","","","","","","","","","FB_MOF_LAL_Android_1%-Direct-Purchase_Pro-Sub_051225","","","","","","","","","",""
"","","","","","","","","","","","","","","","","","","","","","","","","","","","","","","","","","","","","","","FB_MOF_AAA_Android_Pro-Sub_010825_Adset1","","","","","","","","","",""
"","","","","","","","","","","","","","","","","","","","","","","","","","","","","","","","","","","","","","","FB_MOF_Detail-Target_Android_Telugu-Ads_Pro-Sub_041025","","","","","","","","","",""
"","","","","","","","","","","","","","","","","","","","","","","","","","","","","","","","","","","","","","","FB_MOF_AAA_Android_Pro-Sub_010825_Adset2","","","","","","","","","",""
"","","","","","","","","","","","","","","","","","","","","","","","","","","","","","","","","","","","","","","FB_MOF_Open-detail_Android_Device-Filter_Pro-Sub_281125","","","","","","","","","",""
"","","","","","","","","","","","","","","","","","","","","","","","","","","","","","","","","","","","","","","FB_MOF_Detail-Target_Android_HHI-(10-20%)_Pro-Sub_281125","","","","","","","","","",""
"","","","","","","","","","","","","","","","","","","","","","","","","","","","","","","","","","","","","","","FB_MOF_Manual-App_Android_Pro-Sub_120825_Adset1","","","","","","","","","",""
"","","","","","","","","","","","","","","","","","","","","","","","","","","","","","","","","","","","","","","FB_MOF_Open_Android_Paper-Crumple-BF-Test_V0_Pro-Sub_231125","","","","","","","","","",""
"","","","","","","","","","","","","","","","","","","","","","","","","","","","","","","","","","","","","","","FB_MOF_Open_Android_Angrez-Uncle-Test_V0_Pro-Sub_241125","","","","","","","","","",""
"","","","","","","","","","","","","","","","","","","","","","","","","","","","","","","","","","","","","","","FB_MOF_Open_Android_Election-Day-Test_V1_Pro-Sub_261125","","","","","","","","","",""
"","","","","","","","","","","","","","","","","","","","","","","","","","","","","","","","","","","","","","","FB_MOF_Open_Android_Selfie-Girl-BlackF-Test_V0_Pro-Sub_261125","","","","","","","","","",""
"","","","","","","","","","","","","","","","","","","","","","","","","","","","","","","","","","","","","","","FB_MOF_Open_Android_Aunty-Black-F-Test_V0_Pro-Sub_271125","","","","","","","","","",""
"","","","","","","","","","","","","","","","","","","","","","","","","","","","","","","","","","","","","","","FB_MOF_Open_Android_Multibagger-Statics-Test_V0_Pro-Sub_281125","","","","","","","","","",""
"","","","","","","","","","","","","","","","","","","","","","","","","","","","","","","","","","","","","","","FB_MOF_Open_Android_Aunty-Black-F-Test_V2_Pro-Sub_281125","","","","","","","","","",""
"","","","","","","","","","","","","","","","","","","","","","","","","","","","","","","","","","","","","","","FB_MOF_Open_Android_Angrez-Tond-Test_V0_Pro-Sub_281125","","","","","","","","","",""
"","","","","","","","","","","","","","","","","","","","","","","","","","","","","","","","","","","","","","","FB_MOF_Open_Android_Angrez-Uncle-Test_V2_Pro-Sub_021225","","","","","","","","","",""
"","","","","","","","","","","","","","","","","","","","","","","","","","","","","","","","","","","","","","","FB_MOF_Open_Android_Hladki-Test_V0_Pro-Sub_031225","","","","","","","","","",""
"","","","","","","","","","","","","","","","","","","","","","","","","","","","","","","","","","","","","","","FB_MOF_Open_Android_Aunty-Test_V2_Pro-Sub_031225","","","","","","","","","",""
"","","","","","","","","","","","","","","","","","","","","","","","","","","","","","","","","","","","","","","FB_MOF_Open_Android_Time-Traveller-Test_V0_Pro-Sub_031225","","","","","","","","","",""
"","","","","","","","","","","","","","","","","","","","","","","","","","","","","","","","","","","","","","","FB_MOF_Open_Android_Breakup-Test_V0_Pro-Sub_041225","","","","","","","","","",""
"","","","","","","","","","","","","","","","","","","","","","","","","","","","","","","","","","","","","","","FB_MOF_Open_Android_AI-Ladki-Test_V0_Pro-Sub_041225","","","","","","","","","",""
"","","","","","","","","","","","","","","","","","","","","","","","","","","","","","","","","","","","","","","FB_MOF_Open_Android_Univest-HR-Test_V0_Pro-Sub_041225","","","","","","","","","",""
"","","","","","","","","","","","","","","","","","","","","","","","","","","","","","","","","","","","","","","FB_MOF_Open_Android_Video-Cheating-80-Defence-Test_V2_Pro-Sub_041225","","","","","","","","","",""
"","","","","","","","","","","","","","","","","","","","","","","","","","","","","","","","","","","","","","","FB_MOF_Open_Android_Video-Multibagger-Test_V0_Pro-Sub_041225","","","","","","","","","",""
"","","","","","","","","","","","","","","","","","","","","","","","","","","","","","","","","","","","","","","FB_MOF_Open_Android_Negative-Hook-Test_V0_Pro-Sub_051225","","","","","","","","","",""
"","","","","","","","","","","","","","","","","","","","","","","","","","","","","","","","","","","","","","","FB_MOF_Open_Android_Why-do-Stock-Guru-Test_Pro-Sub_051225","","","","","","","","","",""
"","","","","","","","","","","","","","","","","","","","","","","","","","","","","","","","","","","","","","","FB_MOF_Open_Android_Perplexity-Kabir-Test_Pro-Sub_051225","","","","","","","","","",""
"","","","","","","","","","","","","","","","","","","","","","","","","","","","","","","","","","","","","","","FB_MOF_Open_Android_Irritating-Ladki-Test_V0_Pro-Sub_141125","","","","","","","","","",""
"","","","","","","","","","","","","","","","","","","","","","","","","","","","","","","","","","","","","","","FB_MOF_Open_Android_5000-dede_H2_Pro-Sub_151125","","","","","","","","","",""
"","","","","","","","","","","","","","","","","","","","","","","","","","","","","","","","","","","","","","","FB_MOF_Open_Android_Black-Friday-Test_V1_Pro-Sub_201125","","","","","","","","","",""
"","","","","","","","","","","","","","","","","","","","","","","","","","","","","","","","","","","","","","","FB_MOF_Open_Android_Election-Day-Test_Pro-Sub_211125","","","","","","","","","",""
"","","","","","","","","","","","","","","","","","","","","","","","","","","","","","","","","","","","","","","FB_MOF_Open_Android_Baby-AI-Test_V0_Pro-Sub_211125","","","","","","","","","",""
"","","","","","","","","","","","","","","","","","","","","","","","","","","","","","","","","","","","","","","FB_MOF_Open_Android_5000-dede_H3_Pro-Sub_151125","","","","","","","","","",""
"","","","","","","","","","","","","","","","","","","","","","","","","","","","","","","","","","","","","","","FB_MOF_Open_Android_AS-Anchor-Test_V0_Pro-Sub_161125","","","","","","","","","",""
"","","","","","","","","","","","","","","","","","","","","","","","","","","","","","","","","","","","","","","FB_MOF_Open_Android_Black-Friday-AI-Test_V1_Pro-Sub_201125","","","","","","","","","",""
"","","","","","","","","","","","","","","","","","","","","","","","","","","","","","","","","","","","","","","FB_MOF_Open_Android_Trader-Video-Test_Pro-Sub_131125","","","","","","","","","",""
"","","","","","","","","","","","","","","","","","","","","","","","","","","","","","","","","","","","","","","FB_MOF_Open_Android_Video-Multibagger-Test_V0_Pro-Sub_051225","","","","","","","","","",""
"","","","","","","","","","","","","","","","","","","","","","","","","","","","","","","","","","","","","","","FB_MOF_Open_Android_FInfluencer-Test_Pro-Sub_051225","","","","","","","","","",""
"","","","","","","","","","","","","","","","","","","","","","","","","","","","","","","","","","","","","","","FB_MOF_Detail-Target_Android_All-Plan_D0_6-Event_151025","","","","","","","","","",""
"","","","","","","","","","","","","","","","","","","","","","","","","","","","","","","","","","","","","","","FB_MOF_Open_Android_New-Statics-Test_Pro-Sub_131125","","","","","","","","","",""
"","","","","","","","","","","","","","","","","","","","","","","","","","","","","","","","","","","","","","","FB_MOF_Open_Android_Milk-Expires-Video-Test_Pro-Sub_131125","","","","","","","","","",""
"","","","","","","","","","","","","","","","","","","","","","","","","","","","","","","","","","","","","","","FB_MOF_Open_Android_Why-do-Stock-Guru-Video-Test_Pro-Sub_131125","","","","","","","","","",""
"","","","","","","","","","","","","","","","","","","","","","","","","","","","","","","","","","","","","","","FB_MOF_Open_Android_Multibagger-Test_Pro-Sub_131125","","","","","","","","","",""
"","","","","","","","","","","","","","","","","","","","","","","","","","","","","","","","","","","","","","","FB_MOF_Open_Android_Yashpal-Sir-Test_V2_Pro-Sub_131125","","","","","","","","","",""
"","","","","","","","","","","","","","","","","","","","","","","","","","","","","","","","","","","","","","","FB_MOF_Open_Android_Stop-Chasing-Test_Pro-Sub_141125","","","","","","","","","",""
"","","","","","","","","","","","","","","","","","","","","","","","","","","","","","","","","","","","","","","FB_MOF_Open_Android_Skoda-Gedi-Test_V0_Pro-Sub_141125","","","","","","","","","",""
"","","","","","","","","","","","","","","","","","","","","","","","","","","","","","","","","","","","","","","FB_MOF_Open_Android_Chashmish-Buddhu-Test_Pro-Sub_141125","","","","","","","","","",""
"","","","","","","","","","","","","","","","","","","","","","","","","","","","","","","","","","","","","","","FB_MOF_Open_Android_Overacting-Test_Pro-Sub_141125","","","","","","","","","",""
"","","","","","","","","","","","","","","","","","","","","","","","","","","","","","","","","","","","","","","FB_MOF_Open_Android_Performance-10th-Oct_Pro-Sub_151125","","","","","","","","","",""
"","","","","","","","","","","","","","","","","","","","","","","","","","","","","","","","","","","","","","","FB_MOF_Open_Android_Confusion-se-clarity-tak_Pro-Sub_151125","","","","","","","","","",""
"","","","","","","","","","","","","","","","","","","","","","","","","","","","","","","","","","","","","","","FB_MOF_Open_Android_Even-Milk-Expires_Pro-Sub_151125","","","","","","","","","",""
"","","","","","","","","","","","","","","","","","","","","","","","","","","","","","","","","","","","","","","FB_MOF_Open_Android_Standup_V3_Pro-Sub_161125","","","","","","","","","",""
"","","","","","","","","","","","","","","","","","","","","","","","","","","","","","","","","","","","","","","FB_MOF_Open_Android_Standup_V4_Pro-Sub_161125","","","","","","","","","",""
"","","","","","","","","","","","","","","","","","","","","","","","","","","","","","","","","","","","","","","FB_MOF_Open_Android_AS-Tension-Test_V0_Pro-Sub_161125","","","","","","","","","",""
"","","","","","","","","","","","","","","","","","","","","","","","","","","","","","","","","","","","","","","FB_MOF_Open_Android_AS-Explains-Test_V0_Pro-Sub_161125","","","","","","","","","",""
"","","","","","","","","","","","","","","","","","","","","","","","","","","","","","","","","","","","","","","FB_MOF_Open_Android_AS-Selfie-Test_V0_Pro-Sub_161125","","","","","","","","","",""
"","","","","","","","","","","","","","","","","","","","","","","","","","","","","","","","","","","","","","","FB_MOF_Open_Android_Google-Maps-Test_V0_Pro-Sub_191125","","","","","","","","","",""
"","","","","","","","","","","","","","","","","","","","","","","","","","","","","","","","","","","","","","","FB_MOF_Open_Android_Black-Friday-Test_V2_Pro-Sub_201125","","","","","","","","","",""
"","","","","","","","","","","","","","","","","","","","","","","","","","","","","","","","","","","","","","","FB_MOF_Open_Android_Black-Friday-AI-Test_V2_Pro-Sub_201125","","","","","","","","","",""
"","","","","","","","","","","","","","","","","","","","","","","","","","","","","","","","","","","","","","","FB_MOF_Open_Android_Black-Friday-AI-Test_V3_Pro-Sub_201125","","","","","","","","","",""
"","","","","","","","","","","","","","","","","","","","","","","","","","","","","","","","","","","","","","","FB_MOF_Open_Android_Hand-Test_V0_Pro-Sub_211125","","","","","","","","","",""
"","","","","","","","","","","","","","","","","","","","","","","","","","","","","","","","","","","","","","","FB_MOF_Open_Android_Phone-Sliding-BlackF-Test_V0_Pro-Sub_211125","","","","","","","","","",""
"","","","","","","","","","","","","","","","","","","","","","","","","","","","","","","","","","","","","","","FB_MOF_Open_Android_News-Anchor-Test_Pro-Sub_131125","","","","","","","","","",""
"","","","","","","","","","","","","","","","","","","","","","","","","","","","","","","","","","","","","","","FB_MOF_Open_Android_TROAS-N0-Target_Pro-Sub_030925","","","","","","","","","",""
"","","","","","","","","","","","","","","","","","","","","","","","","","","","","","","","","","","","","","","FB_MOF_Open_WhatsApp_CTWA_Convo_250825","","","","","","","","","",""
"","","","","","","","","","","","","","","","","","","","","","","","","","","","","","","","","","","","","","","FB_MOF_Open_WhatsApp_CTWA_W/0-SU-Exclusion_Convo_240925","","","","","","","","","",""
"","","","","","","","","","","","","","","","","","","","","","","","","","","","","","","","","","","","","","","FB_MOF_Detail-Target_WhatsApp_CTWA_Convo_041025","","","","","","","","","",""
